candidate_TF,neighbor_rank,neighbor_TF_in_perturbseq_rest,distance,similarity_approx
AKAP8,1,ZNF827,0.42227928725512076,0.5777207127448792
AKAP8,2,CREBL2,0.45001417406015176,0.5499858259398482
AKAP8,3,ZNF133,0.4757552762734292,0.5242447237265708
AKAP8,4,SREBF2,0.5223390004486277,0.4776609995513723
AKAP8,5,SP3,0.5300502498433383,0.46994975015666174
AKAP8,6,MXD1,0.5402413360678855,0.4597586639321145
AKAP8,7,ZEB1,0.5641711897656714,0.4358288102343286
AKAP8,8,ZNF589,0.576171489537241,0.42382851046275904
AKAP8,9,RBCK1,0.5922108586377208,0.4077891413622792
AKAP8,10,ZIK1,0.5964143754038137,0.4035856245961863
AKNA,1,ZNF35,0.17387533092449348,0.8261246690755065
AKNA,2,ZHX3,0.17510096874646952,0.8248990312535305
AKNA,3,NR4A1,0.17706041147151974,0.8229395885284803
AKNA,4,FBXL19,0.21570529207602285,0.7842947079239772
AKNA,5,ZNF260,0.21961915953979372,0.7803808404602063
AKNA,6,POGK,0.22711775541385282,0.7728822445861472
AKNA,7,TP73,0.22880689632874662,0.7711931036712534
AKNA,8,E2F1,0.24577623020696082,0.7542237697930392
AKNA,9,NFE2L1,0.25408772969575677,0.7459122703042432
AKNA,10,ZNF343,0.2567560644703577,0.7432439355296423
ANKZF1,1,TCFL5,0.21732498888210972,0.7826750111178903
ANKZF1,2,ZNF646,0.22171427146420486,0.7782857285357951
ANKZF1,3,ZNF394,0.23164439040162987,0.7683556095983701
ANKZF1,4,ZNF653,0.2456468357288053,0.7543531642711947
ANKZF1,5,ZBTB9,0.26843234968858076,0.7315676503114192
ANKZF1,6,ZNF414,0.27013534997822064,0.7298646500217794
ANKZF1,7,NFAT5,0.27107398783309755,0.7289260121669024
ANKZF1,8,ZNF785,0.28547254059156635,0.7145274594084337
ANKZF1,9,ZNF486,0.287993737014846,0.712006262985154
ANKZF1,10,ZNF692,0.29835339470338407,0.7016466052966159
ARID5B,1,ZNF644,0.3164602987560794,0.6835397012439206
ARID5B,2,MAFG,0.37862439843285167,0.6213756015671483
ARID5B,3,REST,0.38227527777749915,0.6177247222225009
ARID5B,4,ZNF35,0.3892820062676421,0.6107179937323579
ARID5B,5,CSRNP1,0.39370363354743454,0.6062963664525655
ARID5B,6,ZNF180,0.43119786212688105,0.568802137873119
ARID5B,7,SETDB1,0.4394731421268179,0.5605268578731821
ARID5B,8,BATF,0.4395517517347026,0.5604482482652974
ARID5B,9,NFE2L1,0.4442362992482538,0.5557637007517462
ARID5B,10,STAT3,0.45546439887112167,0.5445356011288783
ATF2,1,MYC,0.20238233973667363,0.7976176602633264
ATF2,2,ZNF552,0.20923693802338572,0.7907630619766143
ATF2,3,ZBED1,0.27447903267795093,0.7255209673220491
ATF2,4,POU6F1,0.3094166835850177,0.6905833164149823
ATF2,5,ZNF658,0.31545095008567836,0.6845490499143216
ATF2,6,ZNF354C,0.3270114076093734,0.6729885923906266
ATF2,7,ATF7,0.33949302032292583,0.6605069796770742
ATF2,8,GATA3,0.3405549250518144,0.6594450749481856
ATF2,9,THRA,0.3967410464601979,0.6032589535398021
ATF2,10,ZNF561,0.407685614207837,0.592314385792163
ATF3,1,FBXL19,0.12254695376378488,0.8774530462362151
ATF3,2,ZHX3,0.17761433690673678,0.8223856630932632
ATF3,3,NFE2L1,0.22181215495462536,0.7781878450453746
ATF3,4,ZNF398,0.22783989900679902,0.772160100993201
ATF3,5,POGK,0.23818722550552507,0.7618127744944749
ATF3,6,ZNF710,0.24136806823510537,0.7586319317648946
ATF3,7,ZNF35,0.24474687795913774,0.7552531220408623
ATF3,8,ZNF260,0.25304430965955527,0.7469556903404447
ATF3,9,TP73,0.26035946588679315,0.7396405341132068
ATF3,10,NR4A1,0.2607068422369978,0.7392931577630022
ATF6,1,CUX1,0.2270977405926291,0.7729022594073709
ATF6,2,ZNF14,0.25329206324935927,0.7467079367506407
ATF6,3,THAP11,0.29989148504867713,0.7001085149513229
ATF6,4,MYNN,0.30444539352750477,0.6955546064724952
ATF6,5,FOXP3,0.3768867879583847,0.6231132120416153
ATF6,6,ZNF627,0.38713632888168037,0.6128636711183196
ATF6,7,ZBTB3,0.39004056057488123,0.6099594394251188
ATF6,8,ZBTB42,0.4231254990546599,0.5768745009453401
ATF6,9,ZNF613,0.4495070224117155,0.5504929775882845
ATF6,10,KAT7,0.4586707523523944,0.5413292476476056
BACH2,1,GPBP1,0.37451929109837356,0.6254807089016264
BACH2,2,MSANTD4,0.37503415962158115,0.6249658403784188
BACH2,3,ZNF354A,0.40777249460898124,0.5922275053910188
BACH2,4,ZNF282,0.4405994392403171,0.5594005607596829
BACH2,5,GABPA,0.4406374887167097,0.5593625112832903
BACH2,6,ZNF620,0.4670311508676702,0.5329688491323298
BACH2,7,NR2C2,0.47997316446976646,0.5200268355302335
BACH2,8,ZFAT,0.500488896678107,0.49951110332189297
BACH2,9,NFATC2,0.5138793643819286,0.4861206356180714
BACH2,10,PRMT3,0.5143279689997527,0.48567203100024725
BCL11A,1,ATF6B,0.33118852732947335,0.6688114726705267
BCL11A,2,CSRNP1,0.3463399109104165,0.6536600890895835
BCL11A,3,MAFG,0.3588852938009348,0.6411147061990652
BCL11A,4,ZNF776,0.3960738898295677,0.6039261101704323
BCL11A,5,GTF3A,0.400438770592765,0.599561229407235
BCL11A,6,ZNF284,0.40927825848786026,0.5907217415121397
BCL11A,7,ZNF710,0.42418003994487163,0.5758199600551284
BCL11A,8,PHF19,0.42749306955693167,0.5725069304430683
BCL11A,9,FBXL19,0.44121601185462955,0.5587839881453704
BCL11A,10,ZNF180,0.4424832066363755,0.5575167933636245
BRF2,1,ZNF25,0.20993785978765644,0.7900621402123436
BRF2,2,ZNF70,0.2796080402915957,0.7203919597084043
BRF2,3,FOXP3,0.28402544498036364,0.7159745550196364
BRF2,4,ZNF800,0.3122768081558439,0.6877231918441561
BRF2,5,ZNF597,0.32404255468944965,0.6759574453105504
BRF2,6,RFX5,0.36260856162528066,0.6373914383747193
BRF2,7,ZHX1,0.3786788414469654,0.6213211585530346
BRF2,8,ZNF256,0.38137226031159543,0.6186277396884046
BRF2,9,ZNF7,0.39636761014073285,0.6036323898592671
BRF2,10,ZNF827,0.4060122341280906,0.5939877658719094
CEBPA,1,ZNF792,0.4517113162521087,0.5482886837478913
CEBPA,2,ZBTB22,0.4548329082400192,0.5451670917599808
CEBPA,3,RLF,0.4635898287553597,0.5364101712446403
CEBPA,4,ZSCAN26,0.4654482859802186,0.5345517140197814
CEBPA,5,VEZF1,0.47625739739574247,0.5237426026042575
CEBPA,6,NR4A1,0.47759096304337256,0.5224090369566274
CEBPA,7,ZNF619,0.47935617864111446,0.5206438213588855
CEBPA,8,ZNF260,0.48556258569757904,0.514437414302421
CEBPA,9,CC2D1A,0.48794104088731605,0.512058959112684
CEBPA,10,ZNF718,0.4978341504269911,0.5021658495730089
CEBPD,1,ZNF7,0.11992082159895445,0.8800791784010455
CEBPD,2,ZNF652,0.1430408964622868,0.8569591035377132
CEBPD,3,ZBTB9,0.1457184995586871,0.8542815004413129
CEBPD,4,ZNF304,0.1515414114116196,0.8484585885883804
CEBPD,5,ZNF626,0.16043748577757622,0.8395625142224238
CEBPD,6,ZXDC,0.17083304376854946,0.8291669562314505
CEBPD,7,RXRB,0.17179291789091278,0.8282070821090872
CEBPD,8,ZNF527,0.17455936587921528,0.8254406341207847
CEBPD,9,ZNF653,0.1759854943691027,0.8240145056308973
CEBPD,10,ZNF221,0.17890274784719307,0.8210972521528069
CREB3,1,SP140L,0.2337995998429242,0.7662004001570758
CREB3,2,NPAS2,0.2338863481677652,0.7661136518322348
CREB3,3,ZNF512B,0.24873027114256918,0.7512697288574308
CREB3,4,KLF9,0.255170956038946,0.744829043961054
CREB3,5,ZNF221,0.2569202911125178,0.7430797088874822
CREB3,6,TOPORS,0.2589000929222637,0.7410999070777363
CREB3,7,ZNF394,0.2613630456414713,0.7386369543585287
CREB3,8,NFAT5,0.2725796504873057,0.7274203495126943
CREB3,9,ZNF444,0.27528924731807813,0.7247107526819219
CREB3,10,ZNF592,0.2768537812959946,0.7231462187040054
CREM,1,NR1H2,0.49795357392412787,0.5020464260758721
CREM,2,L3MBTL3,0.5072323336986002,0.4927676663013998
CREM,3,ZNF354A,0.5166401568563399,0.4833598431436601
CREM,4,GABPA,0.54204448947975,0.45795551052024996
CREM,5,GPBP1,0.5632988597190277,0.4367011402809723
CREM,6,PPARA,0.5705840474396422,0.4294159525603578
CREM,7,LIN54,0.5761284280587959,0.42387157194120406
CREM,8,THAP3,0.5774007124310654,0.4225992875689346
CREM,9,ERF,0.5795731873748879,0.42042681262511206
CREM,10,PURA,0.5904815026025956,0.4095184973974044
DBP,1,RXRB,0.3122160523325299,0.6877839476674701
DBP,2,ZSCAN21,0.3748227553225648,0.6251772446774352
DBP,3,POU2F2,0.39563798933333716,0.6043620106666628
DBP,4,ZNF770,0.4287162850598333,0.5712837149401667
DBP,5,ZIK1,0.4391941210129081,0.5608058789870919
DBP,6,ZNF133,0.4720199570874418,0.5279800429125582
DBP,7,REL,0.49162893691160225,0.5083710630883977
DBP,8,SRF,0.4940541306238051,0.5059458693761949
DBP,9,ZFP82,0.49730944181203496,0.502690558187965
DBP,10,SMYD3,0.5006534574730677,0.49934654252693234
DRAP1,1,MTERF2,0.24582938165560364,0.7541706183443964
DRAP1,2,ZNF549,0.2865190117869413,0.7134809882130587
DRAP1,3,ZNF512B,0.29946800304015286,0.7005319969598471
DRAP1,4,ZNF18,0.3021333559371664,0.6978666440628336
DRAP1,5,NPAS2,0.30644644922023423,0.6935535507797658
DRAP1,6,SP140L,0.3081534552638068,0.6918465447361932
DRAP1,7,ZNF486,0.3101151802757963,0.6898848197242037
DRAP1,8,THRA,0.3123232985308274,0.6876767014691726
DRAP1,9,ZNF394,0.3240342787403455,0.6759657212596545
DRAP1,10,NFAT5,0.3354395674217644,0.6645604325782356
E2F4,1,SP100,0.3615693867745463,0.6384306132254537
E2F4,2,NAIF1,0.3857141428896983,0.6142858571103017
E2F4,3,SRF,0.3923634797575497,0.6076365202424503
E2F4,4,THRA,0.3999053815252578,0.6000946184747422
E2F4,5,ZBED1,0.4084689571893594,0.5915310428106406
E2F4,6,ZBED5,0.41614376983573176,0.5838562301642682
E2F4,7,MSANTD3,0.42007283385773087,0.5799271661422691
E2F4,8,AHRR,0.42983330562090294,0.5701666943790971
E2F4,9,ZNF148,0.43042458646200843,0.5695754135379916
E2F4,10,MYC,0.43254017754933716,0.5674598224506628
EGR1,1,ZBTB22,0.3328602755167108,0.6671397244832892
EGR1,2,ZNF623,0.5113637906798145,0.4886362093201855
EGR1,3,STAT5A,0.5134979199239289,0.4865020800760711
EGR1,4,ZNF562,0.5161770594584172,0.4838229405415828
EGR1,5,THAP3,0.5211452299664293,0.4788547700335707
EGR1,6,ZNF684,0.5285942324638302,0.4714057675361698
EGR1,7,E2F8,0.5467835018995182,0.4532164981004818
EGR1,8,ARID5A,0.5558168245716902,0.44418317542830976
EGR1,9,GPBP1,0.5648639846505059,0.4351360153494941
EGR1,10,GABPA,0.5702507785479253,0.4297492214520747
EGR2,1,ZNF398,0.1609105814549764,0.8390894185450236
EGR2,2,ZHX3,0.20715607911062117,0.7928439208893788
EGR2,3,FBXL19,0.21703756146411557,0.7829624385358844
EGR2,4,PRMT3,0.21806465986917656,0.7819353401308234
EGR2,5,ZNF260,0.21906938926868702,0.780930610731313
EGR2,6,ZNF776,0.2226194674524845,0.7773805325475155
EGR2,7,ZNF35,0.22647927945457025,0.7735207205454298
EGR2,8,NFE2L1,0.22852256948892868,0.7714774305110713
EGR2,9,POGK,0.2300652591168162,0.7699347408831838
EGR2,10,NR4A1,0.2480961695992867,0.7519038304007133
EGR3,1,ZNF470,0.14100167162526145,0.8589983283747386
EGR3,2,TCFL5,0.29075893654205975,0.7092410634579402
EGR3,3,FOXP3,0.3101483400010011,0.6898516599989989
EGR3,4,MYNN,0.3124978100257334,0.6875021899742666
EGR3,5,ZNF786,0.32050768306663646,0.6794923169333635
EGR3,6,KAT7,0.3241819844758571,0.6758180155241429
EGR3,7,MTERF2,0.3343950466670419,0.6656049533329581
EGR3,8,REPIN1,0.34122045793694333,0.6587795420630567
EGR3,9,THAP11,0.34217162450757466,0.6578283754924253
EGR3,10,CUX1,0.3434638448145463,0.6565361551854537
EGR4,1,ZNF527,0.2838241949619549,0.7161758050380451
EGR4,2,ADNP2,0.28815919622295205,0.711840803777048
EGR4,3,ZNF221,0.2927574146777384,0.7072425853222616
EGR4,4,ZNF652,0.2973808036102731,0.7026191963897269
EGR4,5,ZNF623,0.315588182225912,0.684411817774088
EGR4,6,ZSCAN22,0.33440039893708906,0.6655996010629109
EGR4,7,ZNF394,0.33627770625922127,0.6637222937407787
EGR4,8,ZNF664,0.36419632043493977,0.6358036795650602
EGR4,9,ZNF692,0.3740975396673457,0.6259024603326543
EGR4,10,NFAT5,0.3755345100525048,0.6244654899474952
ELF2,1,ZNF646,0.3078648860944143,0.6921351139055857
ELF2,2,ZNF304,0.31434841397335067,0.6856515860266493
ELF2,3,ZNF7,0.3209496832475507,0.6790503167524493
ELF2,4,ZNF786,0.32345589958947685,0.6765441004105232
ELF2,5,ZXDC,0.32740125024338296,0.672598749756617
ELF2,6,ZSCAN22,0.3291903139776863,0.6708096860223137
ELF2,7,ZNF626,0.3306619675330519,0.6693380324669481
ELF2,8,ZNF394,0.33338641399170377,0.6666135860082962
ELF2,9,PHF21A,0.33843288519369874,0.6615671148063013
ELF2,10,REPIN1,0.34128751034690896,0.658712489653091
ELK1,1,ZNF35,0.2490112057976288,0.7509887942023712
ELK1,2,STAT3,0.25928023959519764,0.7407197604048024
ELK1,3,NR4A1,0.2823825078551423,0.7176174921448577
ELK1,4,NFE2L1,0.28285529618129346,0.7171447038187065
ELK1,5,MAFG,0.28502490491234855,0.7149750950876514
ELK1,6,SETDB1,0.28745682505883974,0.7125431749411603
ELK1,7,TFAP4,0.29437099651952126,0.7056290034804787
ELK1,8,CAMTA1,0.3097564952685974,0.6902435047314026
ELK1,9,ZNF776,0.3204311981634457,0.6795688018365543
ELK1,10,ZNF398,0.3262024731369657,0.6737975268630343
ELK3,1,ZNF345,0.35938267467197793,0.6406173253280221
ELK3,2,AHDC1,0.39510122608236153,0.6048987739176385
ELK3,3,ZNF682,0.4189042336587421,0.5810957663412579
ELK3,4,MSANTD4,0.42160007872746175,0.5783999212725383
ELK3,5,ZNF658,0.4505351314843786,0.5494648685156214
ELK3,6,ZNF146,0.4527040954911651,0.5472959045088349
ELK3,7,RFX7,0.4564608091490594,0.5435391908509406
ELK3,8,NR2C2,0.4840791195148695,0.5159208804851305
ELK3,9,ZNF436,0.48748482543958804,0.512515174560412
ELK3,10,ARID2,0.5109925375048177,0.48900746249518234
EOMES,1,ZSCAN26,0.32139688857891713,0.6786031114210829
EOMES,2,ZBTB22,0.3241199485336007,0.6758800514663993
EOMES,3,RLF,0.34282355433652667,0.6571764456634733
EOMES,4,FLI1,0.41044347848363616,0.5895565215163638
EOMES,5,PHF1,0.41528148571672463,0.5847185142832754
EOMES,6,ZNF736,0.41871333371925645,0.5812866662807435
EOMES,7,CC2D1A,0.42441027279992216,0.5755897272000778
EOMES,8,ZNF718,0.4376977880164007,0.5623022119835993
EOMES,9,ZNF792,0.46875971201848954,0.5312402879815105
EOMES,10,VEZF1,0.4716824893832663,0.5283175106167337
ESR2,1,ZNF282,0.320940347750858,0.679059652249142
ESR2,2,ETV3,0.3882760981992228,0.6117239018007772
ESR2,3,NR2C2,0.3942956917243554,0.6057043082756446
ESR2,4,TMF1,0.4062071741489023,0.5937928258510977
ESR2,5,ZNF672,0.4554192993425259,0.5445807006574741
ESR2,6,GPBP1,0.4973192778857628,0.5026807221142372
ESR2,7,ZNF264,0.5040692620400447,0.49593073795995535
ESR2,8,ZBTB7A,0.5042981998715963,0.4957018001284037
ESR2,9,ZNF213,0.5334207136396225,0.4665792863603775
ESR2,10,ZBTB40,0.5391873805077475,0.4608126194922525
ESRRA,1,ZSCAN21,0.2561488055784038,0.7438511944215962
ESRRA,2,ZNF626,0.2696383105566801,0.7303616894433199
ESRRA,3,ZBTB9,0.29471546022006845,0.7052845397799316
ESRRA,4,RXRB,0.3022086269990475,0.6977913730009525
ESRRA,5,ZNF653,0.3079504268078498,0.6920495731921502
ESRRA,6,NACC2,0.32438839090499316,0.6756116090950068
ESRRA,7,ZNF7,0.3258068028365396,0.6741931971634604
ESRRA,8,ZNF592,0.34634602186718955,0.6536539781328105
ESRRA,9,SRF,0.3687770422302157,0.6312229577697843
ESRRA,10,NFAT5,0.3729563936012519,0.6270436063987481
ETS1,1,MYC,0.3778415041681844,0.6221584958318156
ETS1,2,HOXB4,0.3878223723763784,0.6121776276236216
ETS1,3,ZNF649,0.39116757664310586,0.6088324233568941
ETS1,4,ZNF76,0.43790849060412973,0.5620915093958703
ETS1,5,ZBED1,0.45544290583175284,0.5445570941682472
ETS1,6,ATMIN,0.45923186815383477,0.5407681318461652
ETS1,7,NAIF1,0.46434246021816916,0.5356575397818308
ETS1,8,POU6F1,0.47705164131104216,0.5229483586889578
ETS1,9,NPAS2,0.47903039115184687,0.5209696088481531
ETS1,10,THRA,0.48182362416748625,0.5181763758325137
ETV6,1,ZSCAN22,0.4399617771548652,0.5600382228451348
ETV6,2,REPIN1,0.44219189986896035,0.5578081001310397
ETV6,3,ZNF18,0.462160542234477,0.537839457765523
ETV6,4,ZNF652,0.488161643032763,0.511838356967237
ETV6,5,ZNF211,0.49468601202982554,0.5053139879701745
ETV6,6,ADNP2,0.4993189531703234,0.5006810468296766
ETV6,7,ZNF470,0.5135365084549248,0.4864634915450752
ETV6,8,MEF2D,0.5219998250231287,0.4780001749768713
ETV6,9,ZNF527,0.533182158236277,0.466817841763723
ETV6,10,ZNF394,0.5408899979223947,0.45911000207760533
ETV7,1,ZNF282,0.4049614379897578,0.5950385620102422
ETV7,2,GLI4,0.40726835298347985,0.5927316470165201
ETV7,3,TFE3,0.4276310771170375,0.5723689228829625
ETV7,4,TRPS1,0.461742122002465,0.538257877997535
ETV7,5,ZBTB22,0.4811457705625025,0.5188542294374975
ETV7,6,ZNF200,0.5038570064874379,0.4961429935125621
ETV7,7,ATF1,0.5061066165900316,0.49389338340996836
ETV7,8,ZBTB5,0.5083543758139474,0.4916456241860526
ETV7,9,PRDM5,0.5117716117111131,0.4882283882888869
ETV7,10,NR2C1,0.5178079176845465,0.4821920823154535
FAM200B,1,ZNF718,0.2919921915865986,0.7080078084134014
FAM200B,2,RLF,0.3924362026959316,0.6075637973040684
FAM200B,3,NR2C1,0.40975734301020517,0.5902426569897948
FAM200B,4,ZNF436,0.41463860534320984,0.5853613946567902
FAM200B,5,ZNF550,0.4235690627783041,0.5764309372216959
FAM200B,6,ATF1,0.44956400665046126,0.5504359933495387
FAM200B,7,ZNF345,0.4729842879549535,0.5270157120450465
FAM200B,8,ZBTB22,0.4743386411513504,0.5256613588486496
FAM200B,9,FOXO3,0.4748581843132015,0.5251418156867985
FAM200B,10,PRDM15,0.4889584211863748,0.5110415788136252
FOSL1,1,SRF,0.14538596825836902,0.854614031741631
FOSL1,2,ZNF626,0.20372634560541358,0.7962736543945864
FOSL1,3,SP100,0.22127206382945963,0.7787279361705404
FOSL1,4,ZNF148,0.23790514370843752,0.7620948562915625
FOSL1,5,ZNF653,0.2388379198284073,0.7611620801715927
FOSL1,6,ZSCAN21,0.24174146981318345,0.7582585301868165
FOSL1,7,ZNF7,0.25282235132891173,0.7471776486710883
FOSL1,8,TCFL5,0.27534603670931723,0.7246539632906828
FOSL1,9,RXRB,0.27721048696858164,0.7227895130314184
FOSL1,10,ETS2,0.277223266166691,0.722776733833309
FOXB1,1,ZBTB42,0.5755243491203113,0.42447565087968875
FOXB1,2,PHF1,0.5860963523187288,0.4139036476812712
FOXB1,3,ZNF322,0.6012577497596601,0.39874225024033993
FOXB1,4,DMTF1,0.6081321030407496,0.3918678969592504
FOXB1,5,STAT6,0.6158495202773484,0.3841504797226516
FOXB1,6,ZBTB37,0.6180595693629277,0.3819404306370723
FOXB1,7,RELB,0.6194392243027174,0.38056077569728264
FOXB1,8,ARID2,0.6286862982739949,0.3713137017260051
FOXB1,9,NFX1,0.6402358532658893,0.3597641467341107
FOXB1,10,ZNF655,0.6404929736868684,0.3595070263131316
FOXJ3,1,KMT2B,0.4492870665928418,0.5507129334071582
FOXJ3,2,CSRNP1,0.475839972142415,0.524160027857585
FOXJ3,3,STAT6,0.48586207248645874,0.5141379275135413
FOXJ3,4,ZBTB42,0.5146935939919555,0.48530640600804453
FOXJ3,5,TMF1,0.5192995944934109,0.4807004055065891
FOXJ3,6,JRK,0.5236161678714104,0.4763838321285896
FOXJ3,7,BATF3,0.5276467335142728,0.4723532664857272
FOXJ3,8,MYSM1,0.5517861609669095,0.44821383903309053
FOXJ3,9,NFX1,0.5666549726099837,0.43334502739001635
FOXJ3,10,SMAD5,0.5747932568781118,0.4252067431218882
FOXN3,1,STAT6,0.3840522038567573,0.6159477961432427
FOXN3,2,CREB1,0.4167673383611096,0.5832326616388904
FOXN3,3,NCOA1,0.4407936160347965,0.5592063839652035
FOXN3,4,IRF1,0.4706854199702645,0.5293145800297355
FOXN3,5,MXD3,0.48617374129055513,0.5138262587094449
FOXN3,6,ISL2,0.4962764920459365,0.5037235079540635
FOXN3,7,JUNB,0.5013333913875226,0.49866660861247736
FOXN3,8,ZBTB2,0.5049044790703096,0.49509552092969045
FOXN3,9,FOXP3,0.5080424536252774,0.49195754637472255
FOXN3,10,ZBTB42,0.5189319732534583,0.4810680267465417
FOXP1,1,ZNF7,0.17299743291179004,0.82700256708821
FOXP1,2,ZNF786,0.1733923709535442,0.8266076290464558
FOXP1,3,ZNF304,0.20626685566402947,0.7937331443359705
FOXP1,4,ZNF527,0.2150636636271761,0.7849363363728239
FOXP1,5,ZBTB9,0.21794512800269017,0.7820548719973098
FOXP1,6,SP140L,0.2217038598169726,0.7782961401830274
FOXP1,7,ZNF221,0.22410712996861482,0.7758928700313852
FOXP1,8,ZNF394,0.224382960481737,0.775617039518263
FOXP1,9,NFAT5,0.22571906135396425,0.7742809386460358
FOXP1,10,ZNF256,0.23735320898013212,0.7626467910198679
GATA1,1,ZNF816,0.43999455860088754,0.5600054413991125
GATA1,2,TRERF1,0.4724990396563131,0.5275009603436869
GATA1,3,ADNP,0.4917721839675516,0.5082278160324484
GATA1,4,CHAMP1,0.49370373989914873,0.5062962601008513
GATA1,5,ATF1,0.5075336224930238,0.4924663775069762
GATA1,6,ZNF714,0.5364086579269698,0.4635913420730302
GATA1,7,THRA,0.5401270930565912,0.45987290694340877
GATA1,8,ZNF689,0.5441806662793358,0.4558193337206642
GATA1,9,ARNT,0.5485936736877339,0.45140632631226607
GATA1,10,BCL6,0.5492112462610488,0.4507887537389512
GATAD2A,1,SP140,0.44502263010781096,0.554977369892189
GATAD2A,2,ZNF180,0.463954898818856,0.536045101181144
GATAD2A,3,FOXN2,0.46591075226799694,0.5340892477320031
GATAD2A,4,NCOA1,0.49036839413638633,0.5096316058636137
GATAD2A,5,MLX,0.5150163451446317,0.4849836548553683
GATAD2A,6,RBPJ,0.5169757417317978,0.48302425826820217
GATAD2A,7,DMTF1,0.5387180628174333,0.4612819371825667
GATAD2A,8,ZNF644,0.5498402599967716,0.45015974000322845
GATAD2A,9,ZNF627,0.561794354894882,0.43820564510511795
GATAD2A,10,MXD3,0.5696261224809731,0.4303738775190269
GFI1,1,CAMTA1,0.21910392583828486,0.7808960741617151
GFI1,2,NR4A1,0.2243209087406305,0.7756790912593695
GFI1,3,ZNF776,0.3454750815928258,0.6545249184071742
GFI1,4,PHF20,0.35595749686736833,0.6440425031326317
GFI1,5,FBXL19,0.35975661947024795,0.640243380529752
GFI1,6,ZNF681,0.377018319877786,0.622981680122214
GFI1,7,ZNF343,0.3853068440670009,0.6146931559329991
GFI1,8,MAFG,0.397670704354782,0.602329295645218
GFI1,9,SMAD4,0.3983585582730893,0.6016414417269107
GFI1,10,ZNF398,0.40558337043198234,0.5944166295680177
GLYR1,1,ZNF589,0.28504006564762885,0.7149599343523712
GLYR1,2,ZNF70,0.291858279555543,0.708141720444457
GLYR1,3,ZNF256,0.32729348982580575,0.6727065101741942
GLYR1,4,ZNF597,0.3325329922367084,0.6674670077632916
GLYR1,5,RFX5,0.34427979664122255,0.6557202033587775
GLYR1,6,ADNP2,0.3539072639551094,0.6460927360448906
GLYR1,7,FOXP3,0.3801746697117834,0.6198253302882166
GLYR1,8,ZNF25,0.3852128093240452,0.6147871906759548
GLYR1,9,ZHX1,0.3923006290297385,0.6076993709702615
GLYR1,10,ZNF800,0.39522993625510816,0.6047700637448918
GPBP1L1,1,SMYD3,0.4425458036631348,0.5574541963368652
GPBP1L1,2,ZBTB42,0.533084741838296,0.466915258161704
GPBP1L1,3,MXD1,0.5435848263651919,0.4564151736348081
GPBP1L1,4,THAP7,0.5493162931940396,0.45068370680596037
GPBP1L1,5,MXD3,0.5514123470196883,0.44858765298031167
GPBP1L1,6,STAT5B,0.5537887859084276,0.4462112140915724
GPBP1L1,7,ZNF700,0.5589884444230164,0.44101155557698357
GPBP1L1,8,RREB1,0.5590304086032538,0.4409695913967462
GPBP1L1,9,ZEB1,0.5705947940768641,0.4294052059231359
GPBP1L1,10,RARA,0.5720535346031803,0.4279464653968197
HBP1,1,JRK,0.3747655797282977,0.6252344202717023
HBP1,2,ZFP14,0.38742519314349577,0.6125748068565042
HBP1,3,ZNF714,0.4118781490773482,0.5881218509226518
HBP1,4,GATAD2B,0.4278723126651548,0.5721276873348452
HBP1,5,BATF3,0.4520984139888935,0.5479015860111065
HBP1,6,RFX7,0.4784646222439558,0.5215353777560442
HBP1,7,ZNF682,0.49735931078059425,0.5026406892194057
HBP1,8,ZBTB48,0.5000499403378327,0.4999500596621673
HBP1,9,ZBTB5,0.516757302326869,0.483242697673131
HBP1,10,ZNF619,0.5287845622130757,0.4712154377869243
HES6,1,AHDC1,0.2950233351533533,0.7049766648466467
HES6,2,ZNF345,0.3525244141671704,0.6474755858328296
HES6,3,ZFP14,0.3785307213556086,0.6214692786443914
HES6,4,ZNF619,0.38439081772295325,0.6156091822770468
HES6,5,ZNF682,0.39855644033913973,0.6014435596608603
HES6,6,ZNF586,0.3996054628082719,0.6003945371917281
HES6,7,VEZF1,0.4043461380392088,0.5956538619607912
HES6,8,ZBTB5,0.4064463324064935,0.5935536675935065
HES6,9,RFX7,0.40823314928145904,0.591766850718541
HES6,10,ZNF718,0.43771850634309195,0.562281493656908
HIC1,1,ZNF394,0.12371835882789872,0.8762816411721013
HIC1,2,REPIN1,0.17238990950855848,0.8276100904914415
HIC1,3,NFAT5,0.20353649697301124,0.7964635030269888
HIC1,4,ZNF18,0.21164514305269955,0.7883548569473005
HIC1,5,ZNF221,0.22462652552839069,0.7753734744716093
HIC1,6,ZNF512B,0.22564945458590102,0.774350545414099
HIC1,7,ZNF549,0.22647778217773884,0.7735222178222612
HIC1,8,TOPORS,0.23627796786416178,0.7637220321358382
HIC1,9,TCFL5,0.23856987709425448,0.7614301229057455
HIC1,10,ZNF646,0.23946323068256992,0.7605367693174301
HIF1A,1,ZNF644,0.4438306532900208,0.5561693467099792
HIF1A,2,KLF11,0.4559860332570681,0.5440139667429319
HIF1A,3,NR1H2,0.48905997593421713,0.5109400240657829
HIF1A,4,STAT3,0.4921813516316623,0.5078186483683377
HIF1A,5,ZNF384,0.5477678401681778,0.4522321598318222
HIF1A,6,SREBF2,0.5675458320418387,0.4324541679581613
HIF1A,7,SP1,0.570529996791082,0.42947000320891804
HIF1A,8,WIZ,0.5746080950171134,0.4253919049828866
HIF1A,9,SETDB1,0.5825769969922414,0.4174230030077586
HIF1A,10,ZNF296,0.5878642915827863,0.4121357084172137
HIVEP1,1,THRA,0.19366776423763055,0.8063322357623695
HIVEP1,2,ZNF75A,0.20040499742544904,0.799595002574551
HIVEP1,3,ZNF76,0.2172928226603712,0.7827071773396288
HIVEP1,4,ZSCAN25,0.22945297545621868,0.7705470245437813
HIVEP1,5,ETS2,0.23867064526267023,0.7613293547373298
HIVEP1,6,NPAS2,0.24278415425326338,0.7572158457467366
HIVEP1,7,REXO4,0.24698881630390457,0.7530111836960954
HIVEP1,8,TCFL5,0.25290742666043897,0.747092573339561
HIVEP1,9,ZNF18,0.25586839266382255,0.7441316073361774
HIVEP1,10,NFAT5,0.26483385749155575,0.7351661425084443
HIVEP2,1,ZSCAN25,0.31271782041442453,0.6872821795855755
HIVEP2,2,ATMIN,0.33340702194625527,0.6665929780537447
HIVEP2,3,HOXB4,0.3628579285209388,0.6371420714790612
HIVEP2,4,ZNF561,0.36689366217597097,0.633106337824029
HIVEP2,5,ETV2,0.37448278544181124,0.6255172145581888
HIVEP2,6,ATF1,0.3773176162046704,0.6226823837953296
HIVEP2,7,MYC,0.3923938566034443,0.6076061433965557
HIVEP2,8,NR2C1,0.3985399763392842,0.6014600236607158
HIVEP2,9,ZNF664,0.4010794034953339,0.5989205965046661
HIVEP2,10,POU6F1,0.4153995274920168,0.5846004725079832
HIVEP3,1,NR2C1,0.23398159361460935,0.7660184063853906
HIVEP3,2,POU6F1,0.28588484675380765,0.7141151532461923
HIVEP3,3,HOXB4,0.29744167721861814,0.7025583227813819
HIVEP3,4,ZNF263,0.3207852960781369,0.6792147039218631
HIVEP3,5,ETV2,0.3316374483659388,0.6683625516340612
HIVEP3,6,ZNF426,0.35473213878720755,0.6452678612127924
HIVEP3,7,PURB,0.35666860342575013,0.6433313965742499
HIVEP3,8,ATF1,0.35761473629278007,0.6423852637072199
HIVEP3,9,ZSCAN25,0.35820515074025605,0.641794849259744
HIVEP3,10,REXO4,0.36598773312855715,0.6340122668714429
HLF,1,ZNF764,0.45902257083625475,0.5409774291637452
HLF,2,ZBTB22,0.4926088700359593,0.5073911299640407
HLF,3,ZNF184,0.5369588255669948,0.4630411744330052
HLF,4,ZSCAN21,0.5782797823383807,0.42172021766161927
HLF,5,TERF1,0.5831577574279423,0.4168422425720577
HLF,6,ZNF322,0.5943465550475375,0.40565344495246247
HLF,7,TCF12,0.6002839113200463,0.3997160886799537
HLF,8,PHF1,0.6034006223256134,0.3965993776743866
HLF,9,ZNF507,0.6095587145762189,0.3904412854237811
HLF,10,AHDC1,0.6136191977961025,0.3863808022038975
HMGA1,1,ZNF470,0.23351453344323592,0.7664854665567641
HMGA1,2,TCFL5,0.2592852257254269,0.7407147742745731
HMGA1,3,ZNF646,0.32563715276379923,0.6743628472362008
HMGA1,4,ZNF786,0.3686704748852909,0.6313295251147091
HMGA1,5,ADNP,0.3753346809319811,0.6246653190680189
HMGA1,6,MTERF2,0.40384545106745984,0.5961545489325402
HMGA1,7,KAT7,0.4091271941287864,0.5908728058712136
HMGA1,8,MYNN,0.41082043818123437,0.5891795618187656
HMGA1,9,ZNF18,0.41625947814270303,0.583740521857297
HMGA1,10,ZNF785,0.4191655922936499,0.5808344077063501
HMGB2,1,ZSCAN26,0.3423837450882877,0.6576162549117123
HMGB2,2,ZFP82,0.34990582892295063,0.6500941710770494
HMGB2,3,RLF,0.38505667747927985,0.6149433225207201
HMGB2,4,FLI1,0.4427167194447029,0.5572832805552971
HMGB2,5,ZNF133,0.46044715429255456,0.5395528457074454
HMGB2,6,TBPL1,0.47412538894388845,0.5258746110561116
HMGB2,7,ZFX,0.48180371756721185,0.5181962824327881
HMGB2,8,CREBL2,0.4954206162299333,0.5045793837700667
HMGB2,9,AHDC1,0.4966911502217807,0.5033088497782193
HMGB2,10,MXD1,0.5083121445105695,0.4916878554894305
HMGN3,1,PRMT3,0.23649538150378402,0.763504618496216
HMGN3,2,SMAD4,0.41885269315430373,0.5811473068456963
HMGN3,3,TBX21,0.44115737996690263,0.5588426200330974
HMGN3,4,ZNF260,0.4563100256614403,0.5436899743385597
HMGN3,5,BPTF,0.4845743172049146,0.5154256827950854
HMGN3,6,ELF4,0.49702792759941217,0.5029720724005878
HMGN3,7,ZSCAN29,0.5004196511299412,0.49958034887005875
HMGN3,8,ZNF672,0.5011317321098321,0.4988682678901679
HMGN3,9,RLF,0.5031843038804433,0.49681569611955667
HMGN3,10,ZBTB40,0.5049576040814334,0.4950423959185666
HOXB2,1,ZBTB7A,0.28310602608428703,0.716893973915713
HOXB2,2,ZNF318,0.3384319853814146,0.6615680146185854
HOXB2,3,ZNF682,0.38244051062571904,0.617559489374281
HOXB2,4,NR2C2,0.3922107549319189,0.6077892450680811
HOXB2,5,ZFP14,0.4170007222245463,0.5829992777754537
HOXB2,6,ZNF317,0.4209502335222005,0.5790497664777995
HOXB2,7,ZNF354B,0.4268089800735829,0.5731910199264171
HOXB2,8,USF3,0.42884400833971226,0.5711559916602877
HOXB2,9,ZSCAN29,0.4296928466064319,0.5703071533935681
HOXB2,10,MSANTD4,0.467709908114037,0.532290091885963
HSF1,1,CGGBP1,0.37617817558764044,0.6238218244123596
HSF1,2,ZEB1,0.4018461964392406,0.5981538035607594
HSF1,3,ELF4,0.43190787785055285,0.5680921221494472
HSF1,4,ZNF71,0.44368044041206733,0.5563195595879327
HSF1,5,ZBTB14,0.489117391112288,0.510882608887712
HSF1,6,STAT3,0.4940919315585469,0.5059080684414531
HSF1,7,CREBL2,0.5026448500314845,0.4973551499685155
HSF1,8,ATF4,0.505566287112113,0.49443371288788696
HSF1,9,ZNF827,0.5190519229141641,0.48094807708583587
HSF1,10,RBCK1,0.5260625326395264,0.4739374673604736
IKZF4,1,FOXP4,0.308386713780085,0.691613286219915
IKZF4,2,STAT6,0.42230425903339186,0.5776957409666081
IKZF4,3,ZNF736,0.44275009766441686,0.5572499023355831
IKZF4,4,JUNB,0.44493559719303666,0.5550644028069633
IKZF4,5,ZNF644,0.45312761486955944,0.5468723851304406
IKZF4,6,KLF11,0.45641719996910746,0.5435828000308925
IKZF4,7,RBAK,0.4788601238871477,0.5211398761128523
IKZF4,8,NCOA1,0.4871382481343087,0.5128617518656913
IKZF4,9,ZNF296,0.5072939651225379,0.4927060348774621
IKZF4,10,ZNF22,0.5574721621228934,0.4425278378771066
IRF3,1,ZNF682,0.20484816168241726,0.7951518383175827
IRF3,2,ZFAT,0.2578787863622388,0.7421212136377612
IRF3,3,ZNF318,0.2743436370239135,0.7256563629760865
IRF3,4,ZBTB37,0.2827634782715922,0.7172365217284078
IRF3,5,ZFP14,0.3079516566393933,0.6920483433606067
IRF3,6,ZNF398,0.31681323299800934,0.6831867670019907
IRF3,7,JRK,0.34369370550090905,0.656306294499091
IRF3,8,ZNF700,0.3529431086373036,0.6470568913626964
IRF3,9,ZBTB48,0.35333613680972353,0.6466638631902765
IRF3,10,ZHX3,0.35400474034899876,0.6459952596510012
IRF4,1,JUNB,0.17331975948717115,0.8266802405128288
IRF4,2,ZNF644,0.3131819702374601,0.6868180297625399
IRF4,3,NCOA1,0.32121302363938153,0.6787869763606185
IRF4,4,BATF,0.34093302434404515,0.6590669756559548
IRF4,5,ZNF384,0.3493290429709699,0.6506709570290301
IRF4,6,STAT3,0.37747155766358287,0.6225284423364171
IRF4,7,KLF11,0.4095527895180794,0.5904472104819206
IRF4,8,ZHX2,0.42167048123139506,0.5783295187686049
IRF4,9,SETDB1,0.44729291608358146,0.5527070839164185
IRF4,10,FOXP4,0.4565468270279599,0.5434531729720401
IRF5,1,ZNF354B,0.23145514388500865,0.7685448561149913
IRF5,2,POGK,0.3099165537729752,0.6900834462270248
IRF5,3,FBXL19,0.3453426949019076,0.6546573050980924
IRF5,4,BPTF,0.3589677815166562,0.6410322184833438
IRF5,5,GTF3A,0.3597946532994424,0.6402053467005576
IRF5,6,CLOCK,0.3622088439109987,0.6377911560890013
IRF5,7,ZNF682,0.3655816579644836,0.6344183420355164
IRF5,8,REST,0.37496697652632816,0.6250330234736718
IRF5,9,MYSM1,0.4107731106589435,0.5892268893410565
IRF5,10,ZNF776,0.41210044556853076,0.5878995544314692
IRF7,1,THAP11,0.22939062126315157,0.7706093787368484
IRF7,2,FOXP3,0.25186578445521546,0.7481342155447845
IRF7,3,ZNF14,0.2678830934670514,0.7321169065329486
IRF7,4,ZNF470,0.2695912554919463,0.7304087445080537
IRF7,5,MYNN,0.3228713074704729,0.6771286925295271
IRF7,6,ZXDC,0.32681637830976074,0.6731836216902393
IRF7,7,MTERF2,0.34338887722011313,0.6566111227798869
IRF7,8,ZHX1,0.34556534798138616,0.6544346520186138
IRF7,9,ZNF43,0.348157365022981,0.651842634977019
IRF7,10,ZNF613,0.3562902785580855,0.6437097214419145
IRF8,1,RFX5,0.38710619946111924,0.6128938005388808
IRF8,2,ZFP64,0.4173393684362129,0.5826606315637871
IRF8,3,CSRNP2,0.42619002312188103,0.573809976878119
IRF8,4,FOXP3,0.4317759434762789,0.5682240565237211
IRF8,5,ZNF800,0.4391092590389858,0.5608907409610142
IRF8,6,ZNF43,0.44242568396546034,0.5575743160345397
IRF8,7,ZNF613,0.4435969171329862,0.5564030828670138
IRF8,8,CXXC1,0.4502962146511319,0.5497037853488681
IRF8,9,ZNF410,0.46010085048374394,0.5398991495162561
IRF8,10,PRR12,0.4609160871396507,0.5390839128603493
IRF9,1,IRF1,0.42816637484582787,0.5718336251541721
IRF9,2,ETS2,0.6027227457365071,0.3972772542634929
IRF9,3,STAT1,0.6071471707379441,0.3928528292620559
IRF9,4,PRDM15,0.6392614632707606,0.3607385367292394
IRF9,5,ZNF430,0.6395282837692611,0.3604717162307389
IRF9,6,ZNF148,0.6597891559722802,0.34021084402771984
IRF9,7,STAT2,0.6786475255516256,0.32135247444837445
IRF9,8,ZNF496,0.6822644666636715,0.31773553333632854
IRF9,9,RARG,0.6870915836317691,0.31290841636823086
IRF9,10,AHRR,0.6885579300587915,0.3114420699412085
JUN,1,ATF4,0.3406476638574685,0.6593523361425315
JUN,2,E2F1,0.37837888699633293,0.6216211130036671
JUN,3,ZNF35,0.3819969786552958,0.6180030213447042
JUN,4,STAT3,0.38213232277136056,0.6178676772286394
JUN,5,ZNF71,0.38554505279276063,0.6144549472072394
JUN,6,ZNF180,0.3891389495366011,0.6108610504633989
JUN,7,YY1,0.39656856985776556,0.6034314301422344
JUN,8,TFAP4,0.4036951664545987,0.5963048335454013
JUN,9,SP140,0.40570596793654623,0.5942940320634538
JUN,10,NFE2L1,0.4125553540850311,0.5874446459149689
KCMF1,1,ZHX3,0.25957568950289556,0.7404243104971044
KCMF1,2,FBXL19,0.28950125513925096,0.710498744860749
KCMF1,3,E2F1,0.29936106039376875,0.7006389396062312
KCMF1,4,CLOCK,0.30647442424804383,0.6935255757519562
KCMF1,5,NFE2L1,0.3112645131845555,0.6887354868154445
KCMF1,6,POGK,0.3153425422416527,0.6846574577583473
KCMF1,7,ZBTB37,0.3265666625319238,0.6734333374680762
KCMF1,8,ZNF398,0.33465174500330763,0.6653482549966924
KCMF1,9,ZNF526,0.33497331218107684,0.6650266878189232
KCMF1,10,ZNF180,0.335051668345251,0.664948331654749
KDM2B,1,TGIF2,0.49720466975023925,0.5027953302497608
KDM2B,2,ZNF296,0.5052962411412814,0.49470375885871865
KDM2B,3,ZNF526,0.507726215415441,0.49227378458455895
KDM2B,4,CAMTA1,0.5089648206051528,0.4910351793948472
KDM2B,5,ZNF213,0.5171959103533259,0.4828040896466741
KDM2B,6,STAT2,0.517850224746497,0.482149775253503
KDM2B,7,KLF3,0.520851746253673,0.47914825374632697
KDM2B,8,MAFG,0.545246700112304,0.45475329988769597
KDM2B,9,ZNF398,0.5505193068310286,0.44948069316897143
KDM2B,10,ZNF684,0.564968431799032,0.435031568200968
KDM5B,1,SP3,0.32959547340423634,0.6704045265957637
KDM5B,2,JUNB,0.3324093357217791,0.6675906642782209
KDM5B,3,TET2,0.3689920609517733,0.6310079390482267
KDM5B,4,ZNF184,0.44901982522105854,0.5509801747789415
KDM5B,5,ZNF736,0.4490229949173534,0.5509770050826466
KDM5B,6,ZNF384,0.4527349244052914,0.5472650755947086
KDM5B,7,ZNF562,0.4637743862873772,0.5362256137126228
KDM5B,8,SREBF2,0.4753852037890228,0.5246147962109772
KDM5B,9,E2F8,0.4768394882930247,0.5231605117069753
KDM5B,10,KLF11,0.4976636424546472,0.5023363575453528
KLF12,1,MXD1,0.3019355885356162,0.6980644114643838
KLF12,2,STAT3,0.3722251407574263,0.6277748592425737
KLF12,3,ZNF322,0.39716646897499785,0.6028335310250021
KLF12,4,YY1,0.39942677618924227,0.6005732238107577
KLF12,5,ZNF133,0.40806513405796796,0.591934865942032
KLF12,6,ATF4,0.4186505839198871,0.5813494160801129
KLF12,7,ZNF71,0.42290221731258015,0.5770977826874198
KLF12,8,ZNF655,0.4294038626887149,0.5705961373112851
KLF12,9,ZNF35,0.4382585613754697,0.5617414386245303
KLF12,10,MTF2,0.4520403372849008,0.5479596627150992
KLF13,1,ELF4,0.4039706112608207,0.5960293887391793
KLF13,2,SMAD4,0.437728208562534,0.562271791437466
KLF13,3,PRMT3,0.4416673452894798,0.5583326547105202
KLF13,4,ZNF384,0.46645491911749104,0.533545080882509
KLF13,5,ZBTB14,0.49985421605686375,0.5001457839431362
KLF13,6,NR1H2,0.5106797909371432,0.4893202090628568
KLF13,7,ZNF184,0.5380199174811451,0.4619800825188549
KLF13,8,NR4A1,0.5452796095146295,0.4547203904853705
KLF13,9,TBX21,0.5503731496081743,0.4496268503918257
KLF13,10,SREBF2,0.5506893511046977,0.44931064889530226
KLF4,1,ZBTB37,0.24311765159965437,0.7568823484003456
KLF4,2,ZNF318,0.30584642488742475,0.6941535751125752
KLF4,3,ZNF682,0.3189915254551672,0.6810084745448328
KLF4,4,MLX,0.3450234013158636,0.6549765986841364
KLF4,5,JUND,0.3654660913966933,0.6345339086033067
KLF4,6,ZNF180,0.38134328125883654,0.6186567187411635
KLF4,7,FBXL19,0.39162043752723663,0.6083795624727634
KLF4,8,REST,0.3933434319689906,0.6066565680310094
KLF4,9,ZNF227,0.39993495605821194,0.6000650439417881
KLF4,10,ZFAT,0.40616622609103936,0.5938337739089606
KLF5,1,ZNF764,0.460891193893912,0.539108806106088
KLF5,2,CREBZF,0.48683218616250623,0.5131678138374938
KLF5,3,ZNF311,0.5472289499472311,0.45277105005276885
KLF5,4,BACH1,0.5584512431247274,0.4415487568752726
KLF5,5,ATF7,0.5646077766061897,0.43539222339381034
KLF5,6,KLF9,0.5683684357820094,0.43163156421799065
KLF5,7,ZBTB22,0.5727014473465118,0.42729855265348815
KLF5,8,ZNF658,0.5728537507859506,0.4271462492140494
KLF5,9,GATA3,0.5793436088151404,0.42065639118485965
KLF5,10,ZBTB41,0.5819340761057341,0.4180659238942659
LEF1,1,ZNF770,0.45933226708390873,0.5406677329160913
LEF1,2,ZXDC,0.46294278999305694,0.5370572100069431
LEF1,3,BAZ2A,0.5053984300247101,0.4946015699752899
LEF1,4,ZNF280D,0.5121337620736358,0.4878662379263642
LEF1,5,PHF21A,0.5235611551566364,0.47643884484336363
LEF1,6,ZNF597,0.5339671754337961,0.4660328245662039
LEF1,7,ETS2,0.538299077748706,0.461700922251294
LEF1,8,ZNF816,0.5422199157020644,0.4577800842979356
LEF1,9,ZHX1,0.5427164812171141,0.45728351878288587
LEF1,10,SP100,0.5547093144228168,0.4452906855771832
LMO2,1,ZHX3,0.17899260362655556,0.8210073963734444
LMO2,2,ZNF35,0.1829092720645863,0.8170907279354137
LMO2,3,STAT3,0.19451786533387416,0.8054821346661258
LMO2,4,NFE2L1,0.23932689630122472,0.7606731036987753
LMO2,5,ZSCAN26,0.2623502763494209,0.7376497236505791
LMO2,6,ZNF710,0.2752762963941314,0.7247237036058686
LMO2,7,NR4A1,0.27794672613140303,0.722053273868597
LMO2,8,MXD1,0.27901666477364384,0.7209833352263562
LMO2,9,TP73,0.28194566436489943,0.7180543356351006
LMO2,10,ZNF71,0.2900373274643765,0.7099626725356235
MAFF,1,ETV2,0.22080097934453935,0.7791990206554607
MAFF,2,NPAS2,0.2685854506925358,0.7314145493074642
MAFF,3,ZNF189,0.27043344001034697,0.729566559989653
MAFF,4,TOPORS,0.29948826739743084,0.7005117326025692
MAFF,5,ZNF664,0.31905125056833217,0.6809487494316678
MAFF,6,ZNF18,0.31907835202987256,0.6809216479701274
MAFF,7,E2F3,0.3245303609540666,0.6754696390459334
MAFF,8,ZNF623,0.32682933222266464,0.6731706677773354
MAFF,9,ZNF75A,0.3303326126010936,0.6696673873989064
MAFF,10,ZSCAN22,0.33181527523098764,0.6681847247690124
MAFK,1,NR2C1,0.500976709994233,0.49902329000576695
MAFK,2,MSANTD4,0.5083771240484093,0.4916228759515907
MAFK,3,GATA3,0.5353082305053265,0.4646917694946735
MAFK,4,GABPA,0.5491088609117374,0.4508911390882626
MAFK,5,PRMT3,0.5580177476431744,0.44198225235682564
MAFK,6,RLF,0.5629138412149499,0.4370861587850501
MAFK,7,NFATC2,0.5716563094852292,0.42834369051477084
MAFK,8,ZNF354A,0.5788662249197785,0.42113377508022154
MAFK,9,SMAD4,0.5839265919849308,0.4160734080150692
MAFK,10,GPBP1,0.5966645141171286,0.4033354858828714
MAZ,1,TFE3,0.2976283338021394,0.7023716661978606
MAZ,2,ETV2,0.3834475389897938,0.6165524610102062
MAZ,3,ZNF200,0.38416335477814245,0.6158366452218575
MAZ,4,FOXO3,0.3889148575371003,0.6110851424628997
MAZ,5,STAT5A,0.43228166596558004,0.56771833403442
MAZ,6,ATF1,0.435975861185937,0.564024138814063
MAZ,7,ZNF426,0.43697900189262073,0.5630209981073793
MAZ,8,MEF2D,0.43849105158246604,0.561508948417534
MAZ,9,CREBZF,0.44649978466399753,0.5535002153360025
MAZ,10,NR2C1,0.4526985732280566,0.5473014267719434
MBD1,1,ZSCAN26,0.25863915112090363,0.7413608488790964
MBD1,2,CC2D1A,0.30019371052712596,0.699806289472874
MBD1,3,MXD1,0.35248112062581505,0.647518879374185
MBD1,4,ZHX3,0.3716820613922248,0.6283179386077752
MBD1,5,ZBTB48,0.38461908812143175,0.6153809118785682
MBD1,6,STAT3,0.4031803579809339,0.5968196420190661
MBD1,7,RBCK1,0.41114222275044965,0.5888577772495504
MBD1,8,RLF,0.41888846429299065,0.5811115357070094
MBD1,9,STAT2,0.4236580442514938,0.5763419557485062
MBD1,10,ZNF398,0.4277562233686598,0.5722437766313402
MBD3,1,ZNF232,0.565367295789369,0.43463270421063105
MBD3,2,ZNF410,0.5901412978442495,0.4098587021557505
MBD3,3,E2F8,0.6238277245908916,0.37617227540910836
MBD3,4,SPEN,0.6329896989263419,0.36701030107365806
MBD3,5,ZNF595,0.6544397592649758,0.3455602407350242
MBD3,6,FOXP3,0.6637385552365925,0.33626144476340747
MBD3,7,ZKSCAN5,0.6678587000325195,0.33214129996748054
MBD3,8,ZNF623,0.6708861977515599,0.3291138022484401
MBD3,9,ZNF22,0.676270974519656,0.323729025480344
MBD3,10,CIC,0.682121741241966,0.317878258758034
MBD4,1,HSF4,0.3238376242177444,0.6761623757822556
MBD4,2,ZBTB22,0.33954746354744514,0.6604525364525549
MBD4,3,GABPA,0.44225654353640165,0.5577434564635984
MBD4,4,FOXO3,0.46785020940583233,0.5321497905941677
MBD4,5,ZNF684,0.4805260553893075,0.5194739446106925
MBD4,6,E2F8,0.48284642550217893,0.5171535744978211
MBD4,7,ZNF354A,0.49006030704291526,0.5099396929570847
MBD4,8,ZNF550,0.5017298810604729,0.4982701189395271
MBD4,9,PHF20,0.5082492831457277,0.4917507168542723
MBD4,10,TBX21,0.5131968247175882,0.4868031752824118
MEF2C,1,RFX7,0.3760349016761648,0.6239650983238352
MEF2C,2,PHF1,0.42490661791592377,0.5750933820840762
MEF2C,3,ZNF620,0.4349280077720391,0.5650719922279609
MEF2C,4,ZNF213,0.4687064701808329,0.5312935298191671
MEF2C,5,ZNF550,0.46889297813919173,0.5311070218608083
MEF2C,6,ZNF264,0.4960377375211663,0.5039622624788337
MEF2C,7,ZNF354A,0.5037825501098837,0.4962174498901163
MEF2C,8,ZBTB22,0.5213374001127493,0.4786625998872507
MEF2C,9,STAT2,0.5319722109721967,0.4680277890278033
MEF2C,10,ZNF345,0.5390157997766748,0.4609842002233252
MEOX1,1,ZNF256,0.3520316807024818,0.6479683192975182
MEOX1,2,ETS2,0.3715128981099918,0.6284871018900082
MEOX1,3,AHRR,0.3750437542088906,0.6249562457911094
MEOX1,4,RARG,0.3814740719518376,0.6185259280481624
MEOX1,5,ZNF430,0.39274432005915083,0.6072556799408492
MEOX1,6,ZNF626,0.4086884913237262,0.5913115086762738
MEOX1,7,ATF7,0.4204379861205346,0.5795620138794654
MEOX1,8,ZNF653,0.4211472038975861,0.5788527961024139
MEOX1,9,DNTTIP1,0.4262570280148762,0.5737429719851238
MEOX1,10,ZNF597,0.4280631831435149,0.5719368168564851
MTERF3,1,GABPA,0.49155322248844235,0.5084467775115576
MTERF3,2,DOT1L,0.5798825638629059,0.42011743613709407
MTERF3,3,TFE3,0.6077333368819173,0.39226666311808267
MTERF3,4,ZNF282,0.6303275682597794,0.3696724317402206
MTERF3,5,MEF2A,0.6385221766171238,0.36147782338287615
MTERF3,6,ZBTB33,0.6561121212750562,0.34388787872494375
MTERF3,7,GPBP1,0.6565684757072034,0.34343152429279655
MTERF3,8,SP1,0.6593112800251612,0.34068871997483885
MTERF3,9,NFATC2,0.6656634025891629,0.3343365974108371
MTERF3,10,ZNF566,0.6673368216473647,0.33266317835263526
MTF1,1,ZNF706,0.30207189729820494,0.6979281027017951
MTF1,2,MAFG,0.43598423999228353,0.5640157600077165
MTF1,3,SETDB1,0.4437460418123015,0.5562539581876985
MTF1,4,ZNF681,0.45934010768619304,0.540659892313807
MTF1,5,ZNF710,0.4647825565281085,0.5352174434718915
MTF1,6,ATF6B,0.47052039534598833,0.5294796046540117
MTF1,7,ZNF101,0.47156541831132814,0.5284345816886719
MTF1,8,FBXL19,0.474973966885363,0.525026033114637
MTF1,9,NR2C2,0.4888427257803376,0.5111572742196624
MTF1,10,ZNF776,0.4935814084687048,0.5064185915312952
MXI1,1,MAFG,0.4420343106398814,0.5579656893601186
MXI1,2,CAMTA1,0.44933948464135154,0.5506605153586485
MXI1,3,ZNF681,0.46907549051512065,0.5309245094848793
MXI1,4,ZNF398,0.4765971620153713,0.5234028379846287
MXI1,5,NR1H2,0.47784428587526995,0.52215571412473
MXI1,6,SMAD4,0.534528790219582,0.465471209780418
MXI1,7,ELF4,0.5421767311947535,0.4578232688052465
MXI1,8,TGIF2,0.5433420049687359,0.45665799503126414
MXI1,9,ZNF296,0.543676649074432,0.45632335092556797
MXI1,10,TBX21,0.54924477385658,0.45075522614342
MYBL1,1,ZNF526,0.32500809967279476,0.6749919003272052
MYBL1,2,ZNF398,0.36165969792033237,0.6383403020796676
MYBL1,3,TGIF2,0.3905501145000443,0.6094498854999557
MYBL1,4,CC2D1A,0.3909874968556831,0.6090125031443169
MYBL1,5,ZNF213,0.39462171105255506,0.6053782889474449
MYBL1,6,IKZF1,0.42133515249747044,0.5786648475025296
MYBL1,7,ZNF586,0.42875227930636484,0.5712477206936352
MYBL1,8,MYSM1,0.4364109673446047,0.5635890326553953
MYBL1,9,CAMTA1,0.44082047976289584,0.5591795202371042
MYBL1,10,FBXL19,0.4436541798230864,0.5563458201769136
NFATC1,1,TET2,0.3370751810204783,0.6629248189795217
NFATC1,2,SREBF2,0.3517004485395052,0.6482995514604948
NFATC1,3,ZNF184,0.37998941654376317,0.6200105834562368
NFATC1,4,ZNF384,0.38627567995973366,0.6137243200402663
NFATC1,5,ZNF766,0.42821607430823094,0.5717839256917691
NFATC1,6,YY1,0.45272479406003696,0.547275205939963
NFATC1,7,MXD1,0.49362091143098763,0.5063790885690124
NFATC1,8,ZNF589,0.5116438991772589,0.48835610082274106
NFATC1,9,BHLHE40,0.5188618692107422,0.4811381307892578
NFATC1,10,SP3,0.5272404453912076,0.4727595546087924
NFE2L3,1,NFAT5,0.21527413753152136,0.7847258624684786
NFE2L3,2,ZNF394,0.22517140235940236,0.7748285976405976
NFE2L3,3,SRF,0.245259549234341,0.754740450765659
NFE2L3,4,ZNF7,0.24947120525743194,0.7505287947425681
NFE2L3,5,PHF21A,0.2514367203189509,0.7485632796810491
NFE2L3,6,ZNF646,0.2561157834264314,0.7438842165735686
NFE2L3,7,REPIN1,0.26880024699372695,0.731199753006273
NFE2L3,8,ZBTB9,0.2691458201483323,0.7308541798516677
NFE2L3,9,ZNF221,0.27170001699585333,0.7282999830041467
NFE2L3,10,ZNF689,0.2727526686801943,0.7272473313198057
NFIB,1,ZNF296,0.27691146297740443,0.7230885370225956
NFIB,2,BATF3,0.3619684916702349,0.6380315083297651
NFIB,3,ARID5A,0.3734100508908915,0.6265899491091085
NFIB,4,CAMTA1,0.43542138027838895,0.564578619721611
NFIB,5,ZNF736,0.44095197161567146,0.5590480283843285
NFIB,6,FOXO3,0.44564560073876913,0.5543543992612309
NFIB,7,GABPA,0.45226467801628345,0.5477353219837165
NFIB,8,JUNB,0.4602806952413735,0.5397193047586265
NFIB,9,ZBTB22,0.4756917759899607,0.5243082240100393
NFIB,10,ZNF714,0.4892889612038709,0.5107110387961291
NFIC,1,CC2D1A,0.34049034824830915,0.6595096517516909
NFIC,2,ZBTB48,0.34332022362861214,0.6566797763713879
NFIC,3,ZHX3,0.3465619688853615,0.6534380311146385
NFIC,4,NR4A1,0.3971171203236822,0.6028828796763178
NFIC,5,ZFP14,0.3978898803192822,0.6021101196807178
NFIC,6,ZNF398,0.40108678308392554,0.5989132169160745
NFIC,7,ZSCAN26,0.4182767602985018,0.5817232397014982
NFIC,8,ZNF260,0.42028355169635556,0.5797164483036444
NFIC,9,TP73,0.43445906294153225,0.5655409370584678
NFIC,10,ZNF619,0.4376799261104669,0.5623200738895331
NPDC1,1,NFATC2,0.3147993972006341,0.6852006027993659
NPDC1,2,ETV2,0.392302646840739,0.607697353159261
NPDC1,3,ZNF337,0.399248738133103,0.600751261866897
NPDC1,4,ZNF253,0.40920461133931807,0.5907953886606819
NPDC1,5,ATMIN,0.42600566365248926,0.5739943363475107
NPDC1,6,ZKSCAN1,0.45568081165303287,0.5443191883469671
NPDC1,7,PURA,0.48195924677926116,0.5180407532207388
NPDC1,8,CREBZF,0.4826337957598019,0.5173662042401981
NPDC1,9,ZNF583,0.49081335652628366,0.5091866434737163
NPDC1,10,ZNF189,0.49098429616676287,0.5090157038332371
NR1D2,1,ZNF92,0.5196280162067453,0.48037198379325474
NR1D2,2,ATF4,0.5384538933921881,0.4615461066078119
NR1D2,3,BHLHE40,0.5412501511890223,0.4587498488109777
NR1D2,4,ZEB1,0.5613987303741493,0.43860126962585066
NR1D2,5,ELF4,0.5812243807548083,0.4187756192451917
NR1D2,6,REL,0.6008569899158986,0.39914301008410136
NR1D2,7,PPARA,0.6049045072155074,0.39509549278449263
NR1D2,8,ZNF766,0.6231421336260794,0.3768578663739206
NR1D2,9,TBX21,0.6396257359409427,0.36037426405905726
NR1D2,10,ZBTB14,0.6473234603985206,0.3526765396014794
NR1H3,1,POU2F2,0.21217041946379855,0.7878295805362014
NR1H3,2,NCOA3,0.3118626664020241,0.6881373335979759
NR1H3,3,RXRB,0.32515419032942594,0.6748458096705741
NR1H3,4,E2F3,0.32822069169759405,0.671779308302406
NR1H3,5,ZNF189,0.32846284174506213,0.6715371582549379
NR1H3,6,ZNF786,0.3331323031725809,0.6668676968274191
NR1H3,7,ZNF311,0.3433081797529698,0.6566918202470302
NR1H3,8,ZBTB7B,0.36441409312591144,0.6355859068740886
NR1H3,9,ZNF770,0.3703193508293203,0.6296806491706797
NR1H3,10,SP140L,0.37831833591706676,0.6216816640829332
NR2F6,1,ZBTB7A,0.36003171299430414,0.6399682870056959
NR2F6,2,CREB1,0.37221533729243095,0.627784662707569
NR2F6,3,ZFP1,0.3796144588020022,0.6203855411979978
NR2F6,4,ZNF561,0.40687911421920464,0.5931208857807954
NR2F6,5,ZNF263,0.4636962943549934,0.5363037056450066
NR2F6,6,ZNF224,0.4709369222032226,0.5290630777967774
NR2F6,7,NFX1,0.47963929120306426,0.5203607087969357
NR2F6,8,ZNF692,0.49075453497473764,0.5092454650252624
NR2F6,9,MTERF2,0.49267358283320273,0.5073264171667973
NR2F6,10,ZSCAN2,0.5126960798508671,0.48730392014913293
PBX2,1,ZNF221,0.06666929121752108,0.9333307087824789
PBX2,2,SP140L,0.12140174941673221,0.8785982505832678
PBX2,3,ZNF512B,0.12577406487797183,0.8742259351220282
PBX2,4,ZNF527,0.15657724163212883,0.8434227583678712
PBX2,5,ZNF394,0.15834918276424026,0.8416508172357597
PBX2,6,KLF9,0.16036503196321283,0.8396349680367872
PBX2,7,ZNF785,0.1635198191674857,0.8364801808325143
PBX2,8,NPAS2,0.16794077205989888,0.8320592279401011
PBX2,9,NFAT5,0.16918311912562578,0.8308168808743742
PBX2,10,ZNF652,0.17672204866486474,0.8232779513351353
PITX1,1,SP140L,0.21951636549263476,0.7804836345073652
PITX1,2,ZNF7,0.21997688992097442,0.7800231100790256
PITX1,3,NFAT5,0.22131486313335247,0.7786851368666475
PITX1,4,MSANTD3,0.2252929700334052,0.7747070299665948
PITX1,5,ZNF689,0.22584728696894252,0.7741527130310575
PITX1,6,ZNF592,0.23879203849692665,0.7612079615030733
PITX1,7,ZNF221,0.2388968212476924,0.7611031787523076
PITX1,8,ZNF189,0.24499030581327297,0.755009694186727
PITX1,9,ZNF527,0.24852275419306613,0.7514772458069339
PITX1,10,ZNF786,0.24899012287170952,0.7510098771282905
PLAGL2,1,JRK,0.4004398642474568,0.5995601357525432
PLAGL2,2,MEF2A,0.43914550661149854,0.5608544933885015
PLAGL2,3,ZNF141,0.45708314403605166,0.5429168559639483
PLAGL2,4,ZFAT,0.4630990634536907,0.5369009365463093
PLAGL2,5,TMF1,0.46656688520065004,0.53343311479935
PLAGL2,6,ZNF296,0.4733479383758924,0.5266520616241076
PLAGL2,7,MSANTD4,0.477561884347677,0.522438115652323
PLAGL2,8,GABPA,0.4776891652584656,0.5223108347415344
PLAGL2,9,ZNF213,0.48083728583630103,0.519162714163699
PLAGL2,10,BATF3,0.4870372180161542,0.5129627819838458
PLSCR1,1,ATF1,0.275681283696978,0.724318716303022
PLSCR1,2,ZSCAN21,0.2844711710066361,0.7155288289933639
PLSCR1,3,ZNF22,0.3194587618304924,0.6805412381695076
PLSCR1,4,RXRB,0.32942347619417955,0.6705765238058204
PLSCR1,5,ZNF764,0.3374389719109834,0.6625610280890166
PLSCR1,6,E2F3,0.3603155644297472,0.6396844355702528
PLSCR1,7,MSANTD3,0.36145027088581305,0.638549729114187
PLSCR1,8,ATF7,0.3883211165396987,0.6116788834603013
PLSCR1,9,SP140L,0.4112172074290369,0.5887827925709631
PLSCR1,10,ZNF592,0.42315497186690343,0.5768450281330966
POU5F1B,1,ZNF664,0.18609103811515126,0.8139089618848487
POU5F1B,2,REPIN1,0.2260983913939998,0.7739016086060002
POU5F1B,3,ZNF394,0.23034889996436847,0.7696511000356315
POU5F1B,4,PRDM4,0.29290961020373474,0.7070903897962653
POU5F1B,5,ZNF100,0.3002248282250556,0.6997751717749444
POU5F1B,6,ZSCAN25,0.3119544673207014,0.6880455326792986
POU5F1B,7,NPAS2,0.3137955553343399,0.6862044446656601
POU5F1B,8,ZNF221,0.3198596763025351,0.6801403236974649
POU5F1B,9,ZNF18,0.32421750794403315,0.6757824920559669
POU5F1B,10,KLF9,0.3243199338960414,0.6756800661039586
PPARG,1,ZNF597,0.39832838241883994,0.6016716175811601
PPARG,2,ZNF589,0.415667707733243,0.584332292266757
PPARG,3,ZNF827,0.4425588066108096,0.5574411933891904
PPARG,4,ZHX1,0.45025058955041664,0.5497494104495834
PPARG,5,ZNF696,0.49031207773656116,0.5096879222634388
PPARG,6,ZBTB9,0.4965681164519382,0.5034318835480618
PPARG,7,YY1,0.4981649159875269,0.5018350840124731
PPARG,8,ZNF70,0.4982576191874313,0.5017423808125687
PPARG,9,ZNF304,0.5185971106304337,0.4814028893695663
PPARG,10,ZNF25,0.5240988645438047,0.4759011354561953
RELA,1,ZNF550,0.2646024134252841,0.7353975865747159
RELA,2,NR2C1,0.4417664263389993,0.5582335736610007
RELA,3,ETV2,0.4417847728235904,0.5582152271764096
RELA,4,HOXB4,0.47787834694122633,0.5221216530587737
RELA,5,ATF1,0.48568227033600897,0.514317729663991
RELA,6,ZKSCAN1,0.49174539313101984,0.5082546068689802
RELA,7,E2F8,0.4964609026796549,0.5035390973203451
RELA,8,POU6F1,0.5194255073382164,0.48057449266178365
RELA,9,PRDM15,0.5214627345794232,0.47853726542057684
RELA,10,ZNF160,0.5262006582450086,0.4737993417549914
RUNX1,1,KLF3,0.34466256441294496,0.655337435587055
RUNX1,2,ZFP14,0.3530922637396381,0.6469077362603619
RUNX1,3,JUND,0.3793478269885021,0.6206521730114979
RUNX1,4,ZNF620,0.39811495540001995,0.60188504459998
RUNX1,5,ZFAT,0.4007030345581063,0.5992969654418937
RUNX1,6,KMT2B,0.42065463088619737,0.5793453691138026
RUNX1,7,STAT2,0.43070254081331305,0.569297459186687
RUNX1,8,MAFG,0.4387261697599183,0.5612738302400817
RUNX1,9,ZNF354A,0.44084851805608816,0.5591514819439118
RUNX1,10,ZBTB48,0.44354963060445995,0.55645036939554
SATB1,1,THRA,0.10379538948425959,0.8962046105157404
SATB1,2,ZNF18,0.11674739825691038,0.8832526017430896
SATB1,3,NPAS2,0.14807154946116874,0.8519284505388313
SATB1,4,SP140L,0.1495001846459697,0.8504998153540303
SATB1,5,ZBED5,0.1550691730801037,0.8449308269198963
SATB1,6,NFAT5,0.15639487324875678,0.8436051267512432
SATB1,7,ZNF512B,0.1789585572118142,0.8210414427881858
SATB1,8,ZNF189,0.1801247419301274,0.8198752580698726
SATB1,9,ZNF75A,0.19197174245579562,0.8080282575442044
SATB1,10,TOPORS,0.19340553550506145,0.8065944644949385
SCML4,1,ZNF736,0.2354021242643185,0.7645978757356815
SCML4,2,HSF4,0.31530122282400785,0.6846987771759921
SCML4,3,E2F8,0.36993362684191144,0.6300663731580886
SCML4,4,ZNF562,0.3736924938638273,0.6263075061361727
SCML4,5,ZNF550,0.40099266962586166,0.5990073303741383
SCML4,6,JUNB,0.40488661129364234,0.5951133887063577
SCML4,7,ZBTB22,0.4286783609682744,0.5713216390317256
SCML4,8,POU2F2,0.4649834327281005,0.5350165672718995
SCML4,9,SP3,0.47592268046535147,0.5240773195346485
SCML4,10,ZNF296,0.478985943182929,0.521014056817071
SETBP1,1,ZBTB14,0.5033768327149017,0.49662316728509825
SETBP1,2,ZNF776,0.5723971188036224,0.42760288119637757
SETBP1,3,HSF4,0.5725220661788893,0.42747793382111066
SETBP1,4,KLF11,0.5801409250959965,0.41985907490400354
SETBP1,5,ZNF562,0.5829786831899795,0.4170213168100205
SETBP1,6,CAMTA1,0.5917931181522784,0.4082068818477216
SETBP1,7,GTF3A,0.5921409981388677,0.40785900186113233
SETBP1,8,ZFX,0.5977665651389512,0.4022334348610488
SETBP1,9,ZNF71,0.5997557625975721,0.40024423740242787
SETBP1,10,ZNF296,0.6225456213271968,0.3774543786728032
SKIL,1,CREBL2,0.39441964195401624,0.6055803580459838
SKIL,2,ZNF764,0.46893531864140336,0.5310646813585966
SKIL,3,ZNF718,0.4806933804029492,0.5193066195970508
SKIL,4,REL,0.522366178202313,0.477633821797687
SKIL,5,RXRB,0.526230511124844,0.473769488875156
SKIL,6,AHRR,0.5319629071551142,0.4680370928448858
SKIL,7,ZNF148,0.5332302965364787,0.4667697034635213
SKIL,8,PRDM15,0.539529156817318,0.46047084318268205
SKIL,9,MSANTD3,0.54338747997512,0.45661252002487995
SKIL,10,ZNF133,0.543557101348741,0.456442898651259
SMAD3,1,ZSCAN2,0.27401428972761865,0.7259857102723813
SMAD3,2,ZNF496,0.36446257994700104,0.635537420052999
SMAD3,3,KAT7,0.43478862666470675,0.5652113733352933
SMAD3,4,ZNF641,0.4550145781469881,0.5449854218530119
SMAD3,5,ARID2,0.48274750059303595,0.517252499406964
SMAD3,6,BCL6,0.5186191372153066,0.4813808627846934
SMAD3,7,ZNF76,0.5326693357690107,0.46733066423098935
SMAD3,8,MYB,0.5484631714102421,0.45153682858975785
SMAD3,9,IRF1,0.5489977709766303,0.4510022290233697
SMAD3,10,NFKB1,0.5553561509302927,0.44464384906970733
SNAI3,1,NACC2,0.27810627594593973,0.7218937240540603
SNAI3,2,ZNF311,0.2940622912097308,0.7059377087902692
SNAI3,3,ZNF671,0.30275829875528015,0.6972417012447198
SNAI3,4,SP140L,0.3147110820089434,0.6852889179910566
SNAI3,5,ZNF519,0.3227308850133318,0.6772691149866682
SNAI3,6,ZNF552,0.3299458304823868,0.6700541695176132
SNAI3,7,SRF,0.33067206969377605,0.669327930306224
SNAI3,8,ZNF444,0.33122807845109703,0.668771921548903
SNAI3,9,ZNF148,0.3432993799524793,0.6567006200475207
SNAI3,10,NFAT5,0.344434010239266,0.655565989760734
SOX4,1,ZNF44,0.3224060661375592,0.6775939338624408
SOX4,2,ZNF148,0.4564652731746345,0.5435347268253655
SOX4,3,SP4,0.4636988180296283,0.5363011819703717
SOX4,4,ZNF430,0.4751494983433412,0.5248505016566588
SOX4,5,ETS2,0.4993897675419502,0.5006102324580498
SOX4,6,ZNF592,0.5084592055368721,0.49154079446312793
SOX4,7,ZSCAN21,0.5168146962694729,0.48318530373052715
SOX4,8,ZNF552,0.5173485239814395,0.4826514760185605
SOX4,9,ATF7,0.5182983309235067,0.48170166907649326
SOX4,10,ZNF202,0.5185210801979719,0.48147891980202806
SOX8,1,ZNF35,0.15662885219660616,0.8433711478033938
SOX8,2,ZNF710,0.18917960027238112,0.8108203997276189
SOX8,3,ZHX3,0.1904636806419494,0.8095363193580506
SOX8,4,STAT3,0.2034244938986658,0.7965755061013342
SOX8,5,NR4A1,0.21226579216653962,0.7877342078334604
SOX8,6,NFE2L1,0.23128592344583865,0.7687140765541614
SOX8,7,TP73,0.239432118753806,0.760567881246194
SOX8,8,POGK,0.25290879030429336,0.7470912096957066
SOX8,9,E2F1,0.2762473777281297,0.7237526222718703
SOX8,10,ZNF71,0.27985967910610887,0.7201403208938911
SPI1,1,ZNF681,0.22370471076769194,0.7762952892323081
SPI1,2,ZNF354B,0.2338096158250641,0.7661903841749359
SPI1,3,NR2C2,0.23574381749074802,0.764256182509252
SPI1,4,BPTF,0.26667233246817523,0.7333276675318248
SPI1,5,ATF6B,0.2752624917630513,0.7247375082369487
SPI1,6,POGK,0.28399678113261906,0.7160032188673809
SPI1,7,PRMT3,0.2910103857089459,0.7089896142910541
SPI1,8,ZBTB37,0.2943120204092896,0.7056879795907104
SPI1,9,ZNF343,0.296221071626394,0.703778928373606
SPI1,10,ZNF318,0.2998037289431964,0.7001962710568036
STAT4,1,NR4A1,0.1652516721433367,0.8347483278566633
STAT4,2,ZNF398,0.2620435385120694,0.7379564614879306
STAT4,3,TP73,0.27385439193422667,0.7261456080657733
STAT4,4,ZSCAN26,0.28440805718484885,0.7155919428151511
STAT4,5,ZHX3,0.29020164241277024,0.7097983575872298
STAT4,6,ZNF260,0.2997630922034542,0.7002369077965458
STAT4,7,ZNF35,0.3025718971494218,0.6974281028505782
STAT4,8,STAT3,0.3280627093154119,0.6719372906845881
STAT4,9,MAFG,0.3319342918579514,0.6680657081420486
STAT4,10,CAMTA1,0.3401214276972383,0.6598785723027617
TBP,1,TMF1,0.5371183660448207,0.46288163395517934
TBP,2,ZNF141,0.5581861810754956,0.44181381892450444
TBP,3,BATF3,0.5678347032608255,0.4321652967391745
TBP,4,JRK,0.5721501798680446,0.4278498201319554
TBP,5,GATAD2B,0.5723396687098121,0.4276603312901879
TBP,6,YBX1,0.5775557665335735,0.42244423346642646
TBP,7,ZNF780A,0.5926207925432299,0.40737920745677014
TBP,8,STAT6,0.5998701609710528,0.40012983902894717
TBP,9,PA2G4,0.6276696699844211,0.3723303300155789
TBP,10,ZNF583,0.6388630029343147,0.36113699706568525
TCF3,1,DMTF1,0.3196199073922723,0.6803800926077277
TCF3,2,ZNF655,0.3909004450635035,0.6090995549364965
TCF3,3,ZNF71,0.40937267256844456,0.5906273274315554
TCF3,4,MXD1,0.4305990748967189,0.5694009251032811
TCF3,5,NCOA1,0.4327231575931454,0.5672768424068546
TCF3,6,SMYD3,0.43532671011454693,0.5646732898854531
TCF3,7,MXD3,0.44059447409192665,0.5594055259080734
TCF3,8,THAP7,0.4558908617698435,0.5441091382301565
TCF3,9,MYSM1,0.4625380354585865,0.5374619645414135
TCF3,10,ZNF281,0.46403412897318574,0.5359658710268143
TCF4,1,POGK,0.11612185126970687,0.8838781487302931
TCF4,2,ZNF710,0.18146684638919475,0.8185331536108053
TCF4,3,ZNF35,0.18443383513096934,0.8155661648690307
TCF4,4,NFE2L1,0.18949859429192628,0.8105014057080737
TCF4,5,FBXL19,0.2252164858485618,0.7747835141514382
TCF4,6,ZNF354B,0.23012380248042363,0.7698761975195764
TCF4,7,E2F1,0.23567976388921008,0.7643202361107899
TCF4,8,TP73,0.23759686261938096,0.762403137380619
TCF4,9,ZHX3,0.2438363365156082,0.7561636634843918
TCF4,10,ZNF71,0.26018625772630755,0.7398137422736925
TEAD1,1,ZHX3,0.1752370194393179,0.8247629805606821
TEAD1,2,NR4A1,0.1821297356742816,0.8178702643257184
TEAD1,3,TP73,0.20776767355780368,0.7922323264421963
TEAD1,4,ZBTB48,0.24811360344602418,0.7518863965539758
TEAD1,5,ZNF398,0.2759300871873146,0.7240699128126854
TEAD1,6,ZNF35,0.2811714634920085,0.7188285365079915
TEAD1,7,POGK,0.2972408700047352,0.7027591299952648
TEAD1,8,ZNF260,0.29728091160920567,0.7027190883907943
TEAD1,9,E2F1,0.3048701141669511,0.6951298858330489
TEAD1,10,NFE2L1,0.3151371907543863,0.6848628092456137
TFCP2,1,THRA,0.14655601459873835,0.8534439854012617
TFCP2,2,ZNF189,0.16433295154448702,0.835667048455513
TFCP2,3,ZSCAN25,0.20895032706973693,0.7910496729302631
TFCP2,4,NAIF1,0.21092311833230637,0.7890768816676936
TFCP2,5,ZNF561,0.23697665214477048,0.7630233478552295
TFCP2,6,ZNF160,0.2459076401271011,0.7540923598728989
TFCP2,7,HOXB4,0.25336070631342467,0.7466392936865753
TFCP2,8,ATF1,0.25719054913076533,0.7428094508692347
TFCP2,9,TOPORS,0.26140367645077145,0.7385963235492286
TFCP2,10,ZNF75A,0.26244872424227506,0.737551275757725
TP53,1,RXRB,0.28794070937125404,0.712059290628746
TP53,2,ZNF7,0.31187382010481834,0.6881261798951817
TP53,3,SRF,0.3328023035512795,0.6671976964487205
TP53,4,ZNF311,0.3379664671773198,0.6620335328226802
TP53,5,ZNF304,0.34139180675658265,0.6586081932434174
TP53,6,ZNF527,0.3416475010515524,0.6583524989484476
TP53,7,ZSCAN22,0.34682897562085446,0.6531710243791455
TP53,8,NCOA3,0.3495115941892517,0.6504884058107483
TP53,9,ZHX1,0.3555856491725674,0.6444143508274326
TP53,10,BACH1,0.3555897950279424,0.6444102049720576
TRAFD1,1,ZBTB37,0.20173669307095266,0.7982633069290473
TRAFD1,2,ZNF180,0.22456353384932382,0.7754364661506762
TRAFD1,3,RARA,0.26144453503313025,0.7385554649668697
TRAFD1,4,ZNF318,0.26755200047292704,0.732447999527073
TRAFD1,5,FBXL19,0.27706559206486725,0.7229344079351328
TRAFD1,6,MLX,0.27793326442841515,0.7220667355715849
TRAFD1,7,ZHX3,0.2946570737914722,0.7053429262085278
TRAFD1,8,BATF,0.2967658540260897,0.7032341459739103
TRAFD1,9,DMTF1,0.3007842672286757,0.6992157327713243
TRAFD1,10,ZNF35,0.3043544538828964,0.6956455461171036
UBP1,1,GTF3A,0.3552914905296911,0.6447085094703089
UBP1,2,USF3,0.4202570592001793,0.5797429407998207
UBP1,3,ZHX2,0.43336483325761277,0.5666351667423872
UBP1,4,ZNF107,0.45662913470384525,0.5433708652961547
UBP1,5,PHF19,0.46292478358969524,0.5370752164103048
UBP1,6,ZNF101,0.4694101712148253,0.5305898287851747
UBP1,7,ZNF227,0.48331535446144824,0.5166846455385518
UBP1,8,FBXL19,0.4922189843638888,0.5077810156361112
UBP1,9,DEAF1,0.5006831601866679,0.4993168398133321
UBP1,10,MLX,0.5084951175438557,0.4915048824561443
VDR,1,STAT5B,0.5254616171860769,0.47453838281392313
VDR,2,ZBTB2,0.5603517384494612,0.4396482615505388
VDR,3,CXXC1,0.5640322064845896,0.4359677935154104
VDR,4,ZNF691,0.5712826416824004,0.4287173583175996
VDR,5,ZNF16,0.574189316959886,0.42581068304011405
VDR,6,IKZF1,0.5886965513725395,0.4113034486274605
VDR,7,DR1,0.5901342548102981,0.40986574518970187
VDR,8,TET2,0.6093336835331173,0.39066631646688266
VDR,9,ATF6B,0.6119062884518176,0.3880937115481824
VDR,10,THAP7,0.6124931743813887,0.3875068256186113
YBX3,1,ZNF691,0.36849696558954814,0.6315030344104519
YBX3,2,DR1,0.3787929186320623,0.6212070813679377
YBX3,3,ZNF16,0.42674573253902437,0.5732542674609756
YBX3,4,MLX,0.5023453366087058,0.49765466339129416
YBX3,5,RBPJ,0.5070770469338611,0.49292295306613887
YBX3,6,PHF19,0.5305411642652657,0.46945883573473435
YBX3,7,TFDP1,0.5411787039484047,0.4588212960515953
YBX3,8,DMTF1,0.5609886301121688,0.4390113698878312
YBX3,9,CREB1,0.572330254099739,0.42766974590026097
YBX3,10,MYNN,0.5807002216705731,0.4192997783294269
ZBED2,1,JUND,0.2379643747090181,0.7620356252909819
ZBED2,2,ZNF146,0.2733982026367472,0.7266017973632528
ZBED2,3,ZNF343,0.31960960535068095,0.680390394649319
ZBED2,4,BPTF,0.33483730542519463,0.6651626945748054
ZBED2,5,ZBTB37,0.34881412049141003,0.65118587950859
ZBED2,6,ZNF681,0.37075866971600535,0.6292413302839946
ZBED2,7,ZNF672,0.3892511432518071,0.6107488567481929
ZBED2,8,POGK,0.40461824122000023,0.5953817587799998
ZBED2,9,ZNF345,0.40667892238161774,0.5933210776183823
ZBED2,10,STAT2,0.42198931815764595,0.578010681842354
ZBTB17,1,ZNF649,0.4559490759007987,0.5440509240992013
ZBTB17,2,ATMIN,0.5361362483051708,0.4638637516948292
ZBTB17,3,HOXB4,0.6053704264386354,0.39462957356136463
ZBTB17,4,ZNF561,0.6314595147558624,0.36854048524413763
ZBTB17,5,JRK,0.6325187780576419,0.3674812219423581
ZBTB17,6,RFX7,0.6525057859559211,0.3474942140440789
ZBTB17,7,ZBED1,0.6606243764592361,0.3393756235407639
ZBTB17,8,ZNF426,0.6635552515800662,0.33644474841993377
ZBTB17,9,ZNF213,0.6681991324489017,0.3318008675510983
ZBTB17,10,ZMAT1,0.6743395768821099,0.3256604231178901
ZBTB18,1,STAT3,0.24892079461001682,0.7510792053899832
ZBTB18,2,TFAP4,0.28081161273661437,0.7191883872633856
ZBTB18,3,ZNF644,0.3064878300438426,0.6935121699561574
ZBTB18,4,ZNF35,0.3267879405907911,0.6732120594092089
ZBTB18,5,DMTF1,0.33071619366217486,0.6692838063378251
ZBTB18,6,JUNB,0.3566554811576653,0.6433445188423347
ZBTB18,7,ZNF184,0.35758784160474744,0.6424121583952526
ZBTB18,8,SREBF2,0.3633242706587396,0.6366757293412604
ZBTB18,9,MYSM1,0.36411896503721153,0.6358810349627885
ZBTB18,10,TP73,0.3729797939747159,0.6270202060252841
ZBTB25,1,CC2D1A,0.42445528086349515,0.5755447191365048
ZBTB25,2,TGIF2,0.4322990546055384,0.5677009453944616
ZBTB25,3,ZFP3,0.43796875255273904,0.562031247447261
ZBTB25,4,ZSCAN26,0.44190541242405657,0.5580945875759434
ZBTB25,5,ZNF398,0.4478707165568281,0.5521292834431719
ZBTB25,6,MXD1,0.4897262623808173,0.5102737376191827
ZBTB25,7,CAMTA1,0.49549181437840406,0.5045081856215959
ZBTB25,8,ZNF736,0.5059829145409246,0.4940170854590754
ZBTB25,9,STAT3,0.509579963146862,0.49042003685313795
ZBTB25,10,MXD3,0.511470776348005,0.488529223651995
ZFP91,1,AHDC1,0.2308610960712194,0.7691389039287806
ZFP91,2,ZNF718,0.31997847046579775,0.6800215295342023
ZFP91,3,RLF,0.32345001772629456,0.6765499822737054
ZFP91,4,NR4A1,0.33028643717947914,0.6697135628205209
ZFP91,5,TBPL1,0.33354013842095764,0.6664598615790424
ZFP91,6,ZNF146,0.3410249135718212,0.6589750864281788
ZFP91,7,ZSCAN26,0.34808303326643164,0.6519169667335684
ZFP91,8,PHF20,0.3679843451791198,0.6320156548208802
ZFP91,9,ZFP3,0.3949343098386443,0.6050656901613557
ZFP91,10,ZNF880,0.3986835316867148,0.6013164683132852
ZFY,1,ZNF260,0.17041349929849647,0.8295865007015035
ZFY,2,NFE2L1,0.17450714503925002,0.82549285496075
ZFY,3,ZHX3,0.19236527021170724,0.8076347297882928
ZFY,4,ZNF35,0.2061566901614883,0.7938433098385117
ZFY,5,ZNF180,0.21052801748265204,0.789471982517348
ZFY,6,POGK,0.21456997544338263,0.7854300245566174
ZFY,7,E2F1,0.2504348566176655,0.7495651433823345
ZFY,8,ZBTB37,0.2553645112646933,0.7446354887353067
ZFY,9,ZNF710,0.2655733169320914,0.7344266830679086
ZFY,10,ZSCAN29,0.27331578873958806,0.7266842112604119
ZNF121,1,ZNF296,0.3852924588309762,0.6147075411690238
ZNF121,2,FOXO3,0.4121612958231835,0.5878387041768165
ZNF121,3,ZNF398,0.42201722771267636,0.5779827722873236
ZNF121,4,KLF3,0.42837872263594834,0.5716212773640517
ZNF121,5,CC2D1A,0.44753156507319425,0.5524684349268058
ZNF121,6,ZNF684,0.457263499684309,0.542736500315691
ZNF121,7,PHF1,0.45770349541657374,0.5422965045834263
ZNF121,8,ZNF586,0.46521679128461557,0.5347832087153844
ZNF121,9,ZSCAN26,0.4677379465397409,0.5322620534602591
ZNF121,10,ZNF526,0.4795600304311375,0.5204399695688625
ZNF195,1,NR4A1,0.1223493986606966,0.8776506013393034
ZNF195,2,ZHX3,0.17622089207368596,0.823779107926314
ZNF195,3,ZNF398,0.17734148908303626,0.8226585109169637
ZNF195,4,ZNF260,0.18680321545915934,0.8131967845408407
ZNF195,5,TP73,0.20205598164341543,0.7979440183565846
ZNF195,6,ZNF35,0.20419860137221602,0.795801398627784
ZNF195,7,NFE2L1,0.2105362470590294,0.7894637529409706
ZNF195,8,FBXL19,0.22526183107805542,0.7747381689219446
ZNF195,9,E2F1,0.24947675972542405,0.750523240274576
ZNF195,10,ZSCAN26,0.26004821158011493,0.7399517884198851
ZNF226,1,ZSCAN22,0.2958343231260391,0.7041656768739609
ZNF226,2,ZNF221,0.3494260869290595,0.6505739130709405
ZNF226,3,ZNF304,0.35032679561792024,0.6496732043820798
ZNF226,4,ZNF786,0.35252283969718967,0.6474771603028103
ZNF226,5,ZNF652,0.35308513947151743,0.6469148605284826
ZNF226,6,PRDM4,0.3610235716753607,0.6389764283246393
ZNF226,7,ZXDC,0.3668812842954705,0.6331187157045295
ZNF226,8,ZNF394,0.37120150580310496,0.628798494196895
ZNF226,9,ZNF18,0.3834458464243725,0.6165541535756275
ZNF226,10,ZNF527,0.38898215013047277,0.6110178498695272
ZNF236,1,ZNF70,0.22576572352801239,0.7742342764719876
ZNF236,2,ZNF527,0.23200562535360325,0.7679943746463967
ZNF236,3,ZNF394,0.23438757186147852,0.7656124281385215
ZNF236,4,ZNF256,0.23766620591408838,0.7623337940859116
ZNF236,5,ZNF221,0.25576058207292984,0.7442394179270702
ZNF236,6,ZNF25,0.2560286579930846,0.7439713420069154
ZNF236,7,ZNF512B,0.25839914770338024,0.7416008522966198
ZNF236,8,ZNF652,0.26604652073417656,0.7339534792658234
ZNF236,9,ZBTB9,0.27357113636583585,0.7264288636341641
ZNF236,10,RFX5,0.2797920205911122,0.7202079794088878
ZNF24,1,ZNF550,0.23588979913889396,0.764110200861106
ZNF24,2,FOXO3,0.357087156300684,0.642912843699316
ZNF24,3,ZBTB22,0.38629442136882763,0.6137055786311724
ZNF24,4,GABPA,0.39799414621249607,0.6020058537875039
ZNF24,5,TRPS1,0.4265485917087084,0.5734514082912916
ZNF24,6,TFE3,0.440294489714972,0.559705510285028
ZNF24,7,NR2C1,0.45109219842315695,0.548907801576843
ZNF24,8,ZNF296,0.474416932262966,0.525583067737034
ZNF24,9,ZNF282,0.47575341578527963,0.5242465842147204
ZNF24,10,GPBP1,0.48764772060933814,0.5123522793906619
ZNF267,1,MAFG,0.3491565804180008,0.6508434195819992
ZNF267,2,CSRNP1,0.3939968256314651,0.6060031743685349
ZNF267,3,ZNF317,0.41907615332086945,0.5809238466791306
ZNF267,4,ATF6B,0.4202723069605364,0.5797276930394636
ZNF267,5,ZNF318,0.4258687075287344,0.5741312924712656
ZNF267,6,PHF19,0.4350968231014275,0.5649031768985725
ZNF267,7,BATF3,0.44319087189461503,0.556809128105385
ZNF267,8,ZNF227,0.4471289760059991,0.5528710239940009
ZNF267,9,ZSCAN29,0.4527672657594307,0.5472327342405693
ZNF267,10,ZNF566,0.4676032433501107,0.5323967566498893
ZNF276,1,ZBTB9,0.12850315130503398,0.871496848694966
ZNF276,2,ZNF304,0.13159421845103048,0.8684057815489695
ZNF276,3,ZNF646,0.14803981239366992,0.8519601876063301
ZNF276,4,ZNF785,0.15511274337760783,0.8448872566223922
ZNF276,5,ZNF519,0.1797516158895972,0.8202483841104028
ZNF276,6,ZNF221,0.18908140679740626,0.8109185932025937
ZNF276,7,ZNF394,0.19387192214265392,0.8061280778573461
ZNF276,8,ZNF527,0.19489299604390753,0.8051070039560925
ZNF276,9,BAZ2A,0.21139159756382375,0.7886084024361762
ZNF276,10,ZNF549,0.21333115646207357,0.7866688435379264
ZNF277,1,ZNF354A,0.44221763621207066,0.5577823637879293
ZNF277,2,HSF4,0.4966353493458293,0.5033646506541707
ZNF277,3,E2F8,0.5169345481363463,0.4830654518636537
ZNF277,4,ZNF621,0.5207295782609975,0.4792704217390025
ZNF277,5,LCOR,0.5344587426592822,0.46554125734071783
ZNF277,6,MTF2,0.5423863831299194,0.4576136168700806
ZNF277,7,MXD1,0.5568503250259949,0.44314967497400515
ZNF277,8,THAP3,0.5685425065013077,0.43145749349869233
ZNF277,9,PHF20,0.5695184318779616,0.4304815681220384
ZNF277,10,CREBL2,0.5798723298628284,0.42012767013717156
ZNF326,1,MXD1,0.39314185306026106,0.6068581469397389
ZNF326,2,AHDC1,0.41453975533311704,0.585460244666883
ZNF326,3,ZSCAN26,0.45166888357140755,0.5483311164285924
ZNF326,4,ZNF133,0.45439385524391196,0.545606144756088
ZNF326,5,FLI1,0.4644039327125248,0.5355960672874752
ZNF326,6,ZFP3,0.48127589730278797,0.518724102697212
ZNF326,7,STAT3,0.4844712523418321,0.5155287476581679
ZNF326,8,ZNF184,0.5012595644118873,0.49874043558811265
ZNF326,9,CREBL2,0.514578882676202,0.485421117323798
ZNF326,10,SMYD3,0.5186664100983962,0.4813335899016038
ZNF33B,1,SMAD4,0.4965204671845166,0.5034795328154834
ZNF33B,2,ZNF684,0.5622882848253776,0.4377117151746224
ZNF33B,3,ZNF264,0.564863871153507,0.435136128846493
ZNF33B,4,MEF2D,0.5726036181640127,0.42739638183598727
ZNF33B,5,FOXO3,0.5829006685842828,0.4170993314157172
ZNF33B,6,ZNF623,0.5947903304315989,0.4052096695684011
ZNF33B,7,ZNF213,0.595937404378905,0.40406259562109503
ZNF33B,8,TGIF1,0.6057236496439131,0.3942763503560869
ZNF33B,9,SPEN,0.6275792014794995,0.3724207985205005
ZNF33B,10,ATMIN,0.6297004271067181,0.37029957289328186
ZNF37A,1,ZNF180,0.42097607226929046,0.5790239277307095
ZNF37A,2,ZBTB37,0.4216931604046775,0.5783068395953225
ZNF37A,3,MLX,0.43241885146729087,0.5675811485327091
ZNF37A,4,ZNF227,0.4539056315322426,0.5460943684677574
ZNF37A,5,PHF19,0.4644038969721337,0.5355961030278663
ZNF37A,6,DEAF1,0.4652345875740801,0.5347654124259199
ZNF37A,7,ZBTB42,0.47708609101513233,0.5229139089848677
ZNF37A,8,SP2,0.548048698186437,0.451951301813563
ZNF37A,9,ATF6B,0.5566670668917321,0.44333293310826793
ZNF37A,10,LCORL,0.5607348061516165,0.4392651938483835
ZNF397,1,ZNF354B,0.26175389322866427,0.7382461067713357
ZNF397,2,ZNF345,0.2695484650849499,0.7304515349150501
ZNF397,3,ZNF682,0.27009243565985874,0.7299075643401413
ZNF397,4,BPTF,0.28632494027846955,0.7136750597215304
ZNF397,5,PRMT3,0.2897130450347437,0.7102869549652563
ZNF397,6,NR2C2,0.30670783434331106,0.6932921656566889
ZNF397,7,NR4A1,0.31601771459500017,0.6839822854049998
ZNF397,8,ZNF343,0.3199378471076886,0.6800621528923114
ZNF397,9,ZNF260,0.3304361346857294,0.6695638653142706
ZNF397,10,FBXL19,0.3305693164547401,0.6694306835452599
ZNF429,1,NR4A1,0.3993772266017106,0.6006227733982894
ZNF429,2,TBX21,0.4082786861977835,0.5917213138022165
ZNF429,3,RLF,0.4322196765232379,0.5677803234767621
ZNF429,4,ZNF681,0.44783431986170374,0.5521656801382963
ZNF429,5,ZNF345,0.469266973132888,0.530733026867112
ZNF429,6,ZNF682,0.4843147459279631,0.5156852540720369
ZNF429,7,ZNF436,0.4868196233906451,0.5131803766093549
ZNF429,8,ZNF354B,0.4905528035488188,0.5094471964511812
ZNF429,9,BPTF,0.507522352261141,0.49247764773885905
ZNF429,10,ZNF718,0.5192948458193554,0.48070515418064463
ZNF440,1,ZFP14,0.3900037266970141,0.6099962733029859
ZNF440,2,JRK,0.4034366135389482,0.5965633864610518
ZNF440,3,FOXO3,0.4150595106302867,0.5849404893697133
ZNF440,4,ZNF213,0.4231117097051954,0.5768882902948046
ZNF440,5,ZBTB5,0.4270402357113827,0.5729597642886173
ZNF440,6,ZBTB22,0.44157969027149335,0.5584203097285066
ZNF440,7,RLF,0.4756061614575052,0.5243938385424948
ZNF440,8,KLF3,0.4816975770029961,0.5183024229970039
ZNF440,9,ZFAT,0.4890239892959387,0.5109760107040613
ZNF440,10,BATF3,0.5032312308389423,0.4967687691610577
ZNF48,1,ZNF562,0.49814234558159143,0.5018576544184086
ZNF48,2,MTERF4,0.5345583452264073,0.4654416547735927
ZNF48,3,ZNF586,0.5381217895213669,0.4618782104786331
ZNF48,4,ZNF526,0.556834212559684,0.443165787440316
ZNF48,5,ZNF213,0.5581190951163264,0.4418809048836736
ZNF48,6,CC2D1A,0.565880551549649,0.434119448450351
ZNF48,7,NCOA1,0.5756416689924975,0.42435833100750253
ZNF48,8,ZFX,0.5816964206453568,0.41830357935464324
ZNF48,9,ZSCAN26,0.5822888723652373,0.4177111276347627
ZNF48,10,ZNF398,0.5874492144903865,0.41255078550961355
ZNF501,1,PPARA,0.3493364998375712,0.6506635001624288
ZNF501,2,STAT5B,0.3653827572993049,0.6346172427006951
ZNF501,3,ATF6B,0.4490012890856926,0.5509987109143074
ZNF501,4,GPBP1,0.46113988648654836,0.5388601135134516
ZNF501,5,NFE2L2,0.5093619659384252,0.4906380340615748
ZNF501,6,BPTF,0.5242112837701651,0.4757887162298349
ZNF501,7,TBX21,0.5293551793127366,0.47064482068726343
ZNF501,8,ZNF776,0.5298886258122464,0.4701113741877536
ZNF501,9,PRMT3,0.5299876198899965,0.47001238011000346
ZNF501,10,ZNF681,0.5357720201497229,0.4642279798502771
ZNF524,1,RREB1,0.4032874545464842,0.5967125454535158
ZNF524,2,ZNF180,0.4161660725174605,0.5838339274825395
ZNF524,3,ZNF322,0.4169985922675601,0.5830014077324399
ZNF524,4,ZNF268,0.4221158336286245,0.5778841663713755
ZNF524,5,SMYD3,0.42942026175920056,0.5705797382407994
ZNF524,6,MLX,0.5134749279680232,0.4865250720319768
ZNF524,7,ZBTB37,0.5220237634251375,0.47797623657486255
ZNF524,8,KDM2A,0.525105921677052,0.47489407832294805
ZNF524,9,BATF,0.5306521329225813,0.4693478670774187
ZNF524,10,MXD3,0.5448110482495288,0.45518895175047125
ZNF544,1,ZNF254,0.38213321444542214,0.6178667855545779
ZNF544,2,ZNF561,0.4239425811921048,0.5760574188078952
ZNF544,3,ZNF658,0.43910187137667933,0.5608981286233207
ZNF544,4,HOXB4,0.46996939673552107,0.5300306032644789
ZNF544,5,POU6F1,0.479393829554699,0.520606170445301
ZNF544,6,ZBTB7A,0.48469362454428944,0.5153063754557106
ZNF544,7,MSANTD4,0.4863877689965569,0.5136122310034431
ZNF544,8,ZBED1,0.48859831599722503,0.511401684002775
ZNF544,9,REXO4,0.49376337512813306,0.5062366248718669
ZNF544,10,ZSCAN2,0.4947919073929977,0.5052080926070023
ZNF563,1,ATF6B,0.3265713628677406,0.6734286371322594
ZNF563,2,PRMT3,0.32957148456771856,0.6704285154322814
ZNF563,3,ZNF681,0.35263646717588304,0.647363532824117
ZNF563,4,ZNF672,0.3695252698992796,0.6304747301007204
ZNF563,5,ZNF776,0.3714961929944368,0.6285038070055632
ZNF563,6,MAFG,0.39979870405149287,0.6002012959485071
ZNF563,7,ZNF343,0.4017028853519523,0.5982971146480477
ZNF563,8,ZNF346,0.41227461630269524,0.5877253836973048
ZNF563,9,REST,0.4132351757429401,0.5867648242570599
ZNF563,10,BPTF,0.4342002295877525,0.5657997704122475
ZNF576,1,KLF11,0.38362477790554705,0.616375222094453
ZNF576,2,JUNB,0.3989909892763164,0.6010090107236836
ZNF576,3,NCOA1,0.4261351958729084,0.5738648041270916
ZNF576,4,ZNF644,0.43110886926815883,0.5688911307318412
ZNF576,5,RBPJ,0.4344038418025439,0.5655961581974561
ZNF576,6,THAP11,0.4371674422026033,0.5628325577973967
ZNF576,7,ZNF14,0.4460556849110622,0.5539443150889378
ZNF576,8,ZNF384,0.4596074454765259,0.5403925545234741
ZNF576,9,SP140,0.4746311566182754,0.5253688433817246
ZNF576,10,LIN54,0.4807486993520549,0.5192513006479451
ZNF580,1,ZNF512B,0.10619126303818227,0.8938087369618177
ZNF580,2,SRF,0.10965433607097519,0.8903456639290248
ZNF580,3,THRA,0.11907964043866925,0.8809203595613307
ZNF580,4,SP140L,0.12496693970460582,0.8750330602953942
ZNF580,5,ZNF221,0.14759836391644254,0.8524016360835575
ZNF580,6,NFAT5,0.14767470248401526,0.8523252975159847
ZNF580,7,ZNF18,0.1485618845936253,0.8514381154063747
ZNF580,8,ZNF653,0.14971751877635464,0.8502824812236454
ZNF580,9,TCFL5,0.16801379379677484,0.8319862062032252
ZNF580,10,ZBED5,0.18760485549906247,0.8123951445009375
ZNF639,1,ZNF764,0.5191327341665124,0.4808672658334876
ZNF639,2,ZNF496,0.5233491890844761,0.47665081091552386
ZNF639,3,SP100,0.5253762662833699,0.47462373371663014
ZNF639,4,ZNF780A,0.5278725703916245,0.4721274296083755
ZNF639,5,ARID2,0.5334433233200393,0.4665566766799607
ZNF639,6,STAT1,0.5688541331796966,0.4311458668203034
ZNF639,7,ZNF268,0.5711102994429016,0.4288897005570984
ZNF639,8,ZNF92,0.5807757999649725,0.41922420003502747
ZNF639,9,TFDP1,0.5908834637258918,0.40911653627410816
ZNF639,10,ZNF280C,0.5970619587390278,0.4029380412609722
ZNF782,1,ZHX3,0.19891574147105762,0.8010842585289424
ZNF782,2,TP73,0.21264880319790236,0.7873511968020976
ZNF782,3,ZNF880,0.22381216812496452,0.7761878318750355
ZNF782,4,NR4A1,0.2627040136376716,0.7372959863623284
ZNF782,5,POGK,0.2863095143748777,0.7136904856251223
ZNF782,6,CLOCK,0.2897048776327602,0.7102951223672398
ZNF782,7,NFE2L1,0.29626367471725024,0.7037363252827498
ZNF782,8,ZNF35,0.29860402010736364,0.7013959798926364
ZNF782,9,ZNF682,0.30270490901528924,0.6972950909847108
ZNF782,10,ZNF71,0.32236821520193093,0.6776317847980691
ZNF83,1,POU6F1,0.31439843292327896,0.685601567076721
ZNF83,2,MSANTD4,0.4097040066576071,0.5902959933423929
ZNF83,3,ZBED1,0.4238887086648099,0.5761112913351901
ZNF83,4,PURB,0.4496792892681526,0.5503207107318474
ZNF83,5,ATF7,0.45073042428679344,0.5492695757132066
ZNF83,6,MYC,0.46332974211854294,0.5366702578814571
ZNF83,7,ZNF345,0.4700221193924845,0.5299778806075155
ZNF83,8,ZNF658,0.4708045834811838,0.5291954165188162
ZNF83,9,ATF1,0.47475854113194005,0.52524145886806
ZNF83,10,ZBTB5,0.4820929610424164,0.5179070389575836
ZNF84,1,SP140L,0.10238084500138722,0.8976191549986128
ZNF84,2,ZNF221,0.10501404453632501,0.894985955463675
ZNF84,3,NFAT5,0.11490717442748166,0.8850928255725183
ZNF84,4,ZSCAN22,0.1400071006852014,0.8599928993147986
ZNF84,5,SRF,0.14410193281162942,0.8558980671883706
ZNF84,6,ZNF512B,0.1462493867837582,0.8537506132162418
ZNF84,7,ZNF652,0.14818436939960578,0.8518156306003942
ZNF84,8,ZNF527,0.15153506962961816,0.8484649303703818
ZNF84,9,ZNF394,0.15974640432371534,0.8402535956762847
ZNF84,10,ZNF7,0.16110278574529457,0.8388972142547054
ZNF879,1,ZSCAN21,0.18166650344990432,0.8183334965500957
ZNF879,2,RXRB,0.2581733595896586,0.7418266404103414
ZNF879,3,ZNF626,0.2675735180954555,0.7324264819045445
ZNF879,4,ZNF653,0.28280795289683536,0.7171920471031646
ZNF879,5,ZNF770,0.31123223778792897,0.688767762212071
ZNF879,6,ZBTB9,0.3374115540892605,0.6625884459107395
ZNF879,7,ZNF7,0.34362702820425384,0.6563729717957462
ZNF879,8,SRF,0.34828391999972663,0.6517160800002734
ZNF879,9,ZNF304,0.34955751130049373,0.6504424886995063
ZNF879,10,ZNF592,0.3783738623420303,0.6216261376579697
ZNF91,1,FOXN2,0.44949971160355984,0.5505002883964402
ZNF91,2,ZNF14,0.46761571706870386,0.5323842829312961
ZNF91,3,THAP11,0.5340347849034692,0.46596521509653077
ZNF91,4,ZNF644,0.5346392565301994,0.4653607434698006
ZNF91,5,FOXP3,0.5791427272918885,0.42085727270811146
ZNF91,6,RFX5,0.5815048859183883,0.41849511408161166
ZNF91,7,JUNB,0.5886016588256331,0.4113983411743669
ZNF91,8,ZBTB7B,0.6050869253473907,0.3949130746526093
ZNF91,9,CEBPB,0.6175616228917493,0.3824383771082507
ZNF91,10,KLF11,0.6210141347442953,0.37898586525570466
ZSCAN18,1,ZNF100,0.3414559739609242,0.6585440260390758
ZSCAN18,2,ZNF549,0.3514709163383162,0.6485290836616838
ZSCAN18,3,PHF21A,0.3640977798042039,0.6359022201957961
ZSCAN18,4,ZNF646,0.3661538069635638,0.6338461930364362
ZSCAN18,5,ZNF394,0.37286476366183285,0.6271352363381671
ZSCAN18,6,ZNF263,0.39644396150409855,0.6035560384959014
ZSCAN18,7,ZNF43,0.3977808998729939,0.6022191001270061
ZSCAN18,8,ZSCAN25,0.40685352389286167,0.5931464761071383
ZSCAN18,9,SP100,0.4100709387036705,0.5899290612963295
ZSCAN18,10,ZNF414,0.4100962302115495,0.5899037697884505
